Motif Cluster,TF Name,DNA_seq
BATF3,ATF4,ATGACCGAAATGAGCTTCCTGAGCAGCGAGGTGTTGGTGGGGGACTTGATGTCCCCCTTCGACCAGTCGGGTTTGGGGGCTGAAGAAAGCCTAGGTCTCTTAGATGATTACCTGGAGGTGGCCAAGCACTTCAAACCTCATGGGTTCTCCAGCGACAAGGCTAAGGCGGGCTCCTCCGAATGGCTGGCTGTGGATGGGTTGGTCAGTCCCTCCAACAACAGCAAGGAGGATGCCTTCTCCGGGACAGATTGGATGTTGGAGAAAATGGATTTGAAGGAGTTCGACTTGGATGCCCTGTTGGGTATAGATGACCTGGAAACCATGCCAGATGACCTTCTGACCACGTTGGATGACACTTGTGATCTCTTTGCCCCCCTAGTCCAGGAGACTAATAAGCAGCCCCCCCAGACGGTGAACCCAATTGGCCATCTCCCAGAAAGTTTAACAAAACCCGACCAGGTTGCCCCCTTCACCTTCTTACAACCTCTTCCCCTTTCCCCAGGGGTCCTGTCCTCCACTCCAGATCATTCCTTTAGTTTAGAGCTGGGCAGTGAAGTGGATATCACTGAAGGAGATAGGAAGCCAGACTACACTGCTTACGTTGCCATGATCCCTCAGTGCATAAAGGAGGAAGACACCCCTTCAGATAATGATAGTGGCATCTGTATGAGCCCAGAGTCCTATCTGGGGTCTCCTCAGCACAGCCCCTCTACCAGGGGCTCTCCAAATAGGAGCCTCCCATCTCCAGGTGTTCTCTGTGGGTCTGCCCGTCCCAAACCTTACGATCCTCCTGGAGAGAAGATGGTAGCAGCAAAAGTAAAGGGTGAGAAACTGGATAAGAAGCTGAAAAAAATGGAGCAAAACAAGACAGCAGCCACTAGGTACCGCCAGAAGAAGAGGGCGGAGCAGGAGGCTCTTACTGGTGAGTGCAAAGAGCTGGAAAAGAAGAACGAGGCTCTAAAAGAGAGGGCGGATTCCCTGGCCAAGGAGATCCAGTACCTGAAAGATTTGATAGAAGAGGTCCGCAAGGCAAGGGGGAAGAAAAGGGTCCCC
BATF3,FOS,ATGATGTTCTCGGGCTTCAACGCAGACTACGAGGCGTCATCCTCCCGCTGCAGCAGCGCGTCCCCGGCCGGGGATAGCCTCTCTTACTACCACTCACCCGCAGACTCCTTCTCCAGCATGGGCTCGCCTGTCAACGCGCAGGACTTCTGCACGGACCTGGCCGTCTCCAGTGCCAACTTCATTCCCACGGTCACTGCCATCTCGACCAGTCCGGACCTGCAGTGGCTGGTGCAGCCCGCCCTCGTCTCCTCCGTGGCCCCATCGCAGACCAGAGCCCCTCACCCTTTCGGAGTCCCCGCCCCCTCCGCTGGGGCTTACTCCAGGGCTGGCGTTGTGAAGACCATGACAGGAGGCCGAGCGCAGAGCATTGGCAGGAGGGGCAAGGTGGAACAGTTATCTCCAGAAGAAGAAGAGAAAAGGAGAATCCGAAGGGAAAGGAATAAGATGGCTGCAGCCAAATGCCGCAACCGGAGGAGGGAGCTGACTGATACACTCCAAGCGGAGACAGACCAACTAGAAGATGAGAAGTCTGCTTTGCAGACCGAGATTGCCAACCTGCTGAAGGAGAAGGAAAAACTAGAGTTCATCCTGGCAGCTCACCGACCTGCCTGCAAGATCCCTGATGACCTGGGCTTCCCAGAAGAGATGTCTGTGGCTTCCCTTGATCTGACTGGGGGCCTGCCAGAGGTTGCCACCCCGGAGTCTGAGGAGGCCTTCACCCTGCCTCTCCTCAATGACCCTGAGCCCAAGCCCTCAGTGGAACCTGTCAAGAGCATCAGCAGCATGGAGCTGAAGACCGAGCCCTTTGATGACTTCCTGTTCCCAGCATCATCCAGGCCCAGTGGCTCTGAGACAGCCCGCTCCGTGCCAGACATGGACCTATCTGGGTCCTTCTATGCAGCAGACTGGGAGCCTCTGCACAGTGGCTCCCTGGGGATGGGGCCCATGGCCACAGAGCTGGAGCCCCTGTGCACTCCGGTGGTCACCTGTACTCCCAGCTGCACTGCTTACACGTCTTCCTTCGTCTTCACCTACCCCGAGGCTGACTCCTTCCCCAGCTGTGCAGCTGCCCACCGCAAGGGCAGCAGCAGCAATGAGCCTTCCTCTGACTCGCTCAGCTCACCCACGCTGCTGGCCCTGGAC
BATF3,CREB5,ATGTTCTGCACCTCAGGAGGGAATTCAGCCTCAGTGATGTCCATGAGGCCTGTCCCAGGCTCTCTATCTTCTCTGCTACATCTCCACAACAGACAGAGACAGCCCATGCCAGCCTCCATGCCTGGGACCCTGCCCAACCCTACAATGCCAGGATCTTCCGCCGTCTTGATGCCAATGGAGCGACAAATGTCAGTGAACTCCAGCATCATGGGGATGCAAGGTCCAAATCTCAGCAACCCCTGTGCTTCTCCCCAGGTCCAGCCAATGCATTCAGAAGCCAAAATGAGGTTGAAGGCTGCATTGACTCACCACCCTGCTGCCATGTCAAATGGGAACATGAACACCATGGGACACATGATGGAGATGATGGGCTCCCGGCAGGACCAGACGCCACACCATCACATGCACTCGCACCCGCATCAGCACCAGACACTGCCACCCCATCACCCTTACCCACACCAGCACCAGCACCCAGCACACCATCCTCACCCTCAACCCCATCACCAGCAGAACCATCCACATCACCACTCCCATTCCCACCTTCATGCACACCCAGCACATCACCAGACCTCGCCACATCCGCCCCTGCACACCGGCAACCAAGCACAGGTTTCACCAGCAACACAACAGATGCAGCCAACCCAGACAATACAGCCACCCCAGCCCACAGGGGGGCGCCGGCGAAGGGTGGTAGACGAGGATCCGGACGAGAGGCGGCGGAAATTTCTGGAACGGAACCGGGCAGCTGCCACCCGCTGCAGACAGAAGAGGAAGGTCTGGGTGATGTCATTGGAAAAGAAAGCAGAAGAACTCACCCAGACAAACATGCAGCTTCAGAATGAAGTGTCTATGTTGAAAAATGAGGTGGCCCAGCTGAAACAGTTGTTGTTAACACATAAAGACTGCCCAATAACAGCCATGCAGAAAGAATCACAAGGATATCTAAGTCCAGAGAGTAGCCCTCCTGCTAGTCCTGTCCCAGCTTGCTCCCAGCAACAAGTCATCCAGCATAATACCATCACTACTTCCTCATCGGTCAGCGAGGTGGTAGGAAGCTCCACCCTCAGCCAGCTCACCACTCACAGAACAGACCTGAATCCGATTCTTTAG
BATF3,ATF1,ATGGAAGATTCCCACAAGAGTACCACGTCAGAGACAGCACCTCAACCTGGTTCAGCAGTTCAGGGAGCTCACATTTCTCATATTGCTCAACAGGTATCATCTTTATCAGAAAGTGAGGAGTCCCAGGACTCATCCGACAGCATAGGCTCCTCACAGAAAGCCCACGGGATCCTAGCACGGCGCCCATCTTACAGAAAAATTTTGAAAGACTTATCTTCTGAAGATACACGGGGCAGAAAAGGAGACGGAGAAAATTCTGGAGTTTCTGCTGCTGTCACTTCTATGTCTGTTCCAACTCCCATCTATCAGACTAGCAGCGGACAGTATATTGCCATTGCCCCAAATGGAGCCTTACAGTTGGCAAGTCCAGGCACAGATGGAGTACAGGGACTTCAGACATTAACCATGACAAATTCAGGCAGTACTCAGCAAGGTACAACTATTCTTCAGTATGCACAGACCTCTGATGGACAGCAGATACTTGTGCCCAGCAATCAGGTGGTCGTACAAACTGCATCAGGAGATATGCAAACATATCAGATCCGAACTACACCTTCAGCTACTTCTCTGCCACAAACTGTGGTGATGACATCTCCTGTGACTCTCACCTCTCAGACAACTAAGACAGATGACCCCCAATTGAAAAGAGAAATAAGGTTAATGAAAAACAGAGAAGCTGCTCGAGAATGTCGCAGAAAGAAGAAAGAATATGTGAAATGCCTGGAAAACCGAGTTGCAGTCCTGGAAAATCAAAATAAAACTCTAATAGAAGAGTTAAAAACTTTGAAGGATCTTTATTCCAATAAAAGTGTTTAG
BATF3,CREB1,ATGACCATGGAATCTGGAGCCGAGAACCAGCAGAGTGGAGATGCAGCTGTAACAGAAGCTGAAAACCAACAAATGACAGTTCAAGCCCAGCCACAGATTGCCACATTAGCCCAGGTATCTATGCCAGCAGCTCATGCAACATCATCTGCTCCCACCGTAACTCTAGTACAGCTGCCCAATGGGCAGACAGTTCAAGTCCATGGAGTCATTCAGGCGGCCCAGCCATCAGTTATTCAGTCTCCACAAGTCCAAACAGTTCAGTCTTCCTGTAAGGACTTAAAAAGACTTTTCTCCGGAACACAGATTTCAACTATTGCAGAAAGTGAAGATTCACAGGAGTCAGTGGATAGTGTAACTGATTCCCAAAAGCGAAGGGAAATTCTTTCAAGGAGGCCTTCCTACAGGAAAATTTTGAATGACTTATCTTCTGATGCACCAGGAGTGCCAAGGATTGAAGAAGAGAAGTCTGAAGAGGAGACTTCAGCACCTGCCATCACCACTGTAACGGTGCCAACTCCAATTTACCAAACTAGCAGTGGACAGTATATTGCCATTACCCAGGGAGGAGCAATACAGCTGGCTAACAATGGTACCGATGGGGTACAGGGCCTGCAAACATTAACCATGACCAATGCAGCAGCCACTCAGCCGGGTACTACCATTCTACAGTATGCACAGACCACTGATGGACAGCAGATCTTAGTGCCCAGCAACCAAGTTGTTGTTCAAGCTGCCTCTGGAGACGTACAAACATACCAGATTCGCACAGCACCCACTAGCACTATTGCCCCTGGAGTTGTTATGGCATCCTCCCCAGCACTTCCTACACAGCCTGCTGAAGAAGCAGCACGAAAGAGAGAGGTCCGTCTAATGAAGAACAGGGAAGCAGCTCGAGAGTGTCGTAGAAAGAAGAAAGAATATGTGAAATGTTTAGAAAACAGAGTGGCAGTGCTTGAAAATCAAAACAAGACATTGATTGAGGAGCTAAAAGCACTTAAGGACCTTTACTGCCACAAATCAGAT
BATF3,ATF2,ATGAAATTCAAGTTACATGTGAATTCTGCCAGGCAATACAAGGACCTGTGGAATATGAGTGATGACAAACCCTTTCTATGTACTGCGCCTGGATGTGGCCAGCGTTTTACCAACGAGGATCATTTGGCTGTCCATAAACATAAACATGAGATGACACTGAAATTTGGTCCAGCACGTAATGACAGTGTCATTGTGGCTGATCAGACCCCAACACCAACAAGATTCTTGAAAAACTGTGAAGAAGTGGGTTTGTTTAATGAGTTGGCGAGTCCATTTGAGAATGAATTCAAGAAAGCTTCAGAAGATGACATTAAAAAAATGCCTCTAGATTTATCCCCTCTTGCAACACCTATCATAAGAAGCAAAATTGAGGAGCCTTCTGTTGTAGAAACAACTCACCAGGATAGTCCTTTACCTCACCCAGAGTCTACTACCAGTGATGAGAAGGAAGTACCATTGGCACAAACTGCACAGCCCACATCAGCTATTGTTCGTCCAGCATCATTACAGGTTCCCAATGTGCTGCTTACAAGTTCTGACTCAAGTGTAATTATTCAGCAGGCAGTACCTTCACCAACCTCAAGTACTGTAATCACCCAGGCACCATCCTCTAACAGGCCAATTGTCCCTGTACCAGGCCCATTTCCTCTTCTGTTACATCTTCCTAATGGACAAACCATGCCTGTTGCTATTCCTGCATCAATTACAAGTTCTAATGTGCATGTTCCAGCTGCAGTCCCACTCGTTCGACCAGTCACCATGGTGCCTAGTGTTCCAGGAATCCCAGGTCCTTCCTCTCCCCAACCAGTACAGTCAGAAGCAAAAATGAGATTAAAAGCTGCTTTGACCCAGCAACATCCTCCAGTTACCAATGGTGATACTGTCAAAGGTCATGGTAGCGGATTGGTTAGGACTCAGTCAGAGGAATCTCGACCGCAGTCATTACAACAGCCAGCCACATCCACTACAGAAACTCCGGCTTCTCCAGCTCACACAACTCCACAGACCCAAAGTACAAGTGGTCGTCGGAGAAGAGCAGCTAACGAAGATCCTGATGAAAAAAGGAGAAAGTTTTTAGAGCGAAATAGAGCAGCAGCTTCAAGATGCCGACAAAAAAGGAAAGTCTGGGTTCAGTCTTTAGAGAAGAAAGCTGAAGACTTGAGTTCATTAAATGGTCAGCTGCAGAGTGAAGTCACCCTGCTGAGAAATGAAGTGGCACAGCTGAAACAGCTTCTTCTGGCTCATAAAGATTGCCCTGTAACCGCCATGCAGAAGAAATCTGGCTATCATACTGCTGATAAAGATGATAGTTCAGAAGACATTTCAGTGCCGAGTAGTCCACATACAGAAGCTATACAGCATAGTTCGGTCAGCACATCCAATGGAGTCAGTTCAACCTCCAAGGCAGAAGCTGTAGCCACTTCAGTCCTCACCCAGATGGCGGACCAGAGTACAGAGCCTGCTCTTTCACAGATCGTTATGGCTCCTTCCTCCCAGTCACAGCCCTCAGGAAGT
FOXK1,FOXP3,ATGCCCAACCCCAGGCCTGGCAAGCCCTCGGCCCCTTCCTTGGCCCTTGGCCCATCCCCAGGAGCCTCGCCCAGCTGGAGGGCTGCACCCAAAGCCTCAGACCTGCTGGGGGCCCGGGGCCCAGGGGGAACCTTCCAGGGCCGAGATCTTCGAGGCGGGGCCCATGCCTCCTCTTCTTCCTTGAACCCCATGCCACCATCGCAGCTGCAGCTGCCCACACTGCCCCTAGTCATGGTGGCACCCTCCGGGGCACGGCTGGGCCCCTTGCCCCACTTACAGGCACTCCTCCAGGACAGGCCACATTTCATGCACCAGCTCTCAACGGTGGATGCCCACGCCCGGACCCCTGTGCTGCAGGTGCACCCCCTGGAGAGCCCAGCCATGATCAGCCTCACACCACCCACCACCGCCACTGGGGTCTTCTCCCTCAAGGCCCGGCCTGGCCTCCCACCTGGGATCAACGTGGCCAGCCTGGAATGGGTGTCCAGGGAGCCGGCACTGCTCTGCACCTTCCCAAATCCCAGTGCACCCAGGAAGGACAGCACCCTTTCGGCTGTGCCCCAGAGCTCCTACCCACTGCTGGCAAATGGTGTCTGCAAGTGGCCCGGATGTGAGAAGGTCTTCGAAGAGCCAGAGGACTTCCTCAAGCACTGCCAGGCGGACCATCTTCTGGATGAGAAGGGCAGGGCACAATGTCTCCTCCAGAGAGAGATGGTACAGTCTCTGGAGCAGCAGCTGGTGCTGGAGAAGGAGAAGCTGAGTGCCATGCAGGCCCACCTGGCTGGGAAAATGGCACTGACCAAGGCTTCATCTGTGGCATCATCCGACAAGGGCTCCTGCTGCATCGTAGCTGCTGGCAGCCAAGGCCCTGTCGTCCCAGCCTGGTCTGGCCCCCGGGAGGCCCCTGACAGCCTGTTTGCTGTCCGGAGGCACCTGTGGGGTAGCCATGGAAACAGCACATTCCCAGAGTTCCTCCACAACATGGACTACTTCAAGTTCCACAACATGCGACCCCCTTTCACCTACGCCACGCTCATCCGCTGGGCCATCCTGGAGGCTCCAGAGAAGCAGCGGACACTCAATGAGATCTACCACTGGTTCACACGCATGTTTGCCTTCTTCAGAAACCATCCTGCCACCTGGAAGAACGCCATCCGCCACAACCTGAGTCTGCACAAGTGCTTTGTGCGGGTGGAGAGCGAGAAGGGGGCTGTGTGGACCGTGGATGAGCTGGAGTTCCGCAAGAAACGGAGCCAGAGGCCCAGCAGGTGTTCCAACCCTACACCTGGCCCC
FOXK1,FOXA2,ATGCTGGGAGCGGTGAAGATGGAAGGGCACGAGCCGTCCGACTGGAGCAGCTACTATGCAGAGCCCGAGGGCTACTCCTCCGTGAGCAACATGAACGCCGGCCTGGGGATGAACGGCATGAACACGTACATGAGCATGTCGGCGGCCGCCATGGGCAGCGGCTCGGGCAACATGAGCGCGGGCTCCATGAACATGTCGTCGTACGTGGGCGCTGGCATGAGCCCGTCCCTGGCGGGGATGTCCCCCGGCGCGGGCGCCATGGCGGGCATGGGCGGCTCGGCCGGGGCGGCTGGCGTGGCGGGCATGGGGCCGCACTTGAGTCCCAGCCTGAGCCCGCTCGGGGGGCAGGCGGCCGGGGCCATGGGCGGCCTGGCCCCCTACGCCAACATGAACTCCATGAGCCCCATGTACGGGCAGGCGGGCCTGAGCCGCGCCCGCGACCCCAAGACCTACAGGCGCAGCTACACGCACGCAAAGCCGCCCTACTCGTACATCTCGCTCATCACCATGGCCATCCAGCAGAGCCCCAACAAGATGCTGACGCTGAGCGAGATCTACCAGTGGATCATGGACCTCTTCCCCTTCTACCGGCAGAACCAGCAGCGCTGGCAGAACTCCATCCGCCACTCGCTCTCCTTCAACGACTGTTTCCTGAAGGTGCCCCGCTCGCCCGACAAGCCCGGCAAGGGCTCCTTCTGGACCCTGCACCCTGACTCGGGCAACATGTTCGAGAACGGCTGCTACCTGCGCCGCCAGAAGCGCTTCAAGTGCGAGAAGCAGCTGGCGCTGAAGGAGGCCGCAGGCGCCGCCGGCAGCGGCAAGAAGGCGGCCGCCGGGGCCCAGGCCTCACAGGCTCAACTCGGGGAGGCCGCCGGGCCGGCCTCCGAGACTCCGGCGGGCACCGAGTCGCCTCACTCGAGCGCCTCCCCGTGCCAGGAGCACAAGCGAGGGGGCCTGGGAGAGCTGAAGGGGACGCCGGCTGCGGCGCTGAGCCCCCCAGAGCCGGCGCCCTCTCCCGGGCAGCAGCAGCAGGCCGCGGCCCACCTGCTGGGCCCGCCCCACCACCCGGGCCTGCCGCCTGAGGCCCACCTGAAGCCGGAACACCACTACGCCTTCAACCACCCGTTCTCCATCAACAACCTCATGTCCTCGGAGCAGCAGCACCACCACAGCCACCACCACCACCAGCCCCACAAAATGGACCTCAAGGCCTACGAACAGGTGATGCACTACCCCGGCTACGGTTCCCCCATGCCTGGCAGCTTGGCCATGGGCCCGGTCACGAACAAAACGGGCCTGGACGCCTCGCCCCTGGCCGCAGATACCTCCTACTACCAGGGGGTGTACTCCCGGCCCATTATGAACTCCTCTTTG
FOXK1,FOXF1,ATGGACCCCGCGTCGTCCGGCCCGTCCAAGGCCAAGAAGACCAACGCCGGCATCCGGCGCCCGGAGAAGCCGCCCTATTCCTACATCGCGCTCATCGTCATGGCCATCCAGAGTTCACCCACCAAGCGCCTGACGCTGAGCGAGATCTACCAGTTCCTGCAGAGCCGCTTCCCCTTCTTCCGGGGCTCCTACCAGGGCTGGAAGAACTCCGTGCGCCACAACCTCTCGCTCAACGAGTGCTTCATCAAGCTACCCAAGGGCCTTGGGCGGCCCGGCAAGGGCCACTACTGGACCATCGACCCGGCCAGCGAGTTCATGTTCGAGGAGGGCTCCTTTCGGCGGCGGCCGCGCGGCTTCCGAAGGAAATGCCAGGCGCTCAAGCCCATGTACAGCATGATGAACGGGCTCGGCTTCAACCACCTCCCGGACACCTACGGCTTCCAGGGCTCGGCCGGCGGCCTCTCGTGCCCGCCCAACAGCCTGGCGCTGGAGGGCGGCCTGGGCATGATGAACGGCCACTTGCCGGGCAACGTGGACGGCATGGCCCTGCCCAGCCACTCGGTGCCCCACCTGCCTTCCAACGGCGGCCACTCGTACATGGGCGGCTGCGGCGGCGCGGCGGCCGGCGAGTACCCGCACCACGACAGCTCGGTGCCCGCCTCCCCGCTGCTGCCCACCGGCGCCGGTGGGGTCATGGAGCCGCACGCCGTCTACTCGGGCTCGGCGGCGGCCTGGCCGCCCTCGGCGTCCGCGGCGCTCAACAGCGGCGCCTCTTATATCAAGCAGCAGCCCCTGTCCCCCTGTAACCCCGCGGCCAACCCCCTGTCCGGCAGCCTCTCCACGCACTCCCTGGAGCAGCCGTATCTGCACCAGAACAGCCACAACGCCCCAGCCGAGCTGCAAGGCATCCCGCGGTATCACTCGCAGTCGCCCAGCATGTGTGACCGAAAGGAGTTTGTCTTCTCTTTCAACGCCATGGCGTCCTCTTCCATGCACTCGGCCGGCGGGGGCTCCTACTACCACCAGCAGGTCACCTACCAAGACATCAAGCCTTGCGTGATGTGGATCCAC
FOXK1,FOXL1,ATGAGTCACCTCTTCGATCCCCGGCTGCCTGCCCTGGCCGCCTCGCCCATGCTGTATCTGTACGGTCCCGAGAGACCCGGCCTCCCTCTGGCCTTCGCCCCCGCGGCTGCTCTAGCTGCCTCGGGCCGGGCCGAGACCCCGCAGAAGCCTCCCTACAGCTACATCGCGCTCATCGCCATGGCGATCCAGGACGCGCCCGAGCAGAGGGTCACGCTCAACGGCATCTACCAGTTCATCATGGACCGCTTCCCCTTCTACCACGACAACCGGCAGGGCTGGCAGAACAGCATCCGCCACAACCTCTCGCTCAACGACTGCTTCGTCAAGGTGCCCCGCGAGAAAGGGCGGCCGGGCAAGGGCAGCTACTGGACGCTGGACCCCCGCTGCCTGGACATGTTTGAGAACGGCAACTACCGGCGCCGGAAGAGGAAGCCCAAGCCGGGCCCCGGGGCCCCGGAGGCCAAGAGGCCCCGCGCCGAGACGCACCAGCGCAGCGCGGAGGCGCAGCCGGAGGCGGGGAGCGGGGCAGGGGGCTCGGGCCCCGCAATCTCCCGCCTGCAGGCAGCGCCCGCGGGCCCCTCGCCCCTCCTGGACGGCCCCTCTCCGCCGGCGCCCCTCCACTGGCCGGGGACCGCGTCCCCGAACGAGGACGCTGGTGACGCTGCCCAGGGCGCAGCGGCCGTGGCGGTCGGCCAGGCAGCGCGCACAGGGGACGGCCCGGGGTCCCCTCTGCGCCCCGCCTCCCGCAGCTCTCCGAAGAGCTCCGACAAGTCCAAGAGCTTCAGCATAGACAGCATCCTGGCGGGAAAGCAGGGCCAGAAGCCGCCTTCAGGGGACGAACTCCTAGGGGGTGCCAAGCCTGGGCCCGGCGGCCGTCTGGGTGCCTCGCTCCTGGCCGCCTCCTCCAGCCTCCGTCCGCCTTTCAACGCTTCCCTGATGCTCGACCCGCATGTCCAGGGCGGCTTTTACCAGCTCGGGATCCCCTTCCTCTCTTATTTCCCCCTGCAGGTTCCCGACACGGTACTCCACTTCCAG
FOXK1,FOXL2,ATGATGGCCAGCTACCCCGAGCCCGAGGACGCGGCGGGGGCCCTGCTGGCCCCAGAGACCGGTCGCACAGTCAAGGAGCCAGAAGGGCCGCCGCCGAGCCCAGGCAAGGGCGGTGGGGGTGGCGGCGGGACAGCCCCGGAGAAGCCGGACCCGGCGCAGAAGCCCCCGTACTCGTACGTGGCGCTCATCGCCATGGCGATCCGCGAGAGCGCGGAGAAGAGGCTCACGCTGTCCGGCATCTACCAGTACATCATCGCGAAGTTCCCGTTCTACGAGAAGAATAAGAAGGGCTGGCAAAATAGCATCCGCCACAACCTCAGCCTCAACGAGTGCTTCATCAAGGTGCCGCGCGAGGGCGGCGGCGAGCGCAAGGGCAACTACTGGACGCTGGACCCGGCCTGCGAAGACATGTTCGAGAAGGGCAACTACCGGCGCCGCCGCCGCATGAAGAGGCCCTTCCGGCCGCCGCCCGCGCACTTCCAGCCCGGCAAGGGGCTCTTCGGGGCCGGAGGCGCCGCAGGCGGGTGCGGCGTGGCGGGCGCCGGGGCCGACGGCTACGGCTACCTGGCGCCCCCCAAGTACCTGCAGTCTGGCTTCCTCAACAACTCGTGGCCGCTACCGCAGCCTCCCTCACCCATGCCCTATGCCTCCTGCCAGATGGCGGCAGCCGCAGCGGCTGCAGCAGCTGCGGCTGCAGCCGCGGGCCCCGGTAGCCCTGGCGCGGCCGCTGTGGTCAAGGGGCTGGCGGGCCCGGCCGCCTCGTACGGGCCGTACACACGCGTGCAGAGCATGGCGCTGCCCCCCGGCGTAGTGAACTCGTACAATGGCCTGGGAGGCCCGCCGGCCGCACCCCCGCCTCCGCCGCACCCCCACCCGCATCCGCACGCACACCATCTGCACGCGGCCGCCGCACCGCCGCCTGCCCCACCGCACCACGGGGCCGCCGCGCCGCCGCCGGGCCAGCTCAGCCCTGCCAGCCCAGCCACCGCCGCGCCCCCGGCGCCCGCGCCCACCAGTGCGCCGGGCCTGCAGTTCGCTTGTGCCCGGCAGCCCGAGCTCGCCATGATGCATTGCTCTTACTGGGACCACGACAGCAAGACCGGCGCGCTGCATTCGCGCCTCGATCTC
FOXK1,FOXJ2,ATGGCTTCTGACCTAGAGAGTAGCCTCACCTCCATAGACTGGCTCCCCCAGCTGACCCTCCGAGCTACCATTGAGAAGCTTGGAAGTGCCTCCCAGGCTGGGCCTCCCGGGAGCAGCCGCAAGTGTTCACCAGGGTCACCCACAGATCCTAATGCCACCCTGAGCAAAGACGAGGCAGCAGTGCACCAGGACGGCAAGCCACGATACAGCTATGCCACTCTCATCACCTATGCCATCAACTCCTCTCCAGCCAAGAAGATGACCCTCAGCGAGATTTACCGCTGGATCTGTGATAACTTCCCCTATTACAAGAATGCTGGCATTGGTTGGAAGAATTCAATACGGCACAACCTTTCTCTCAACAAGTGTTTCCGGAAGGTGCCCAGACCTCGGGATGACCCTGGGAAGGGTTCCTATTGGACAATTGACACCTGCCCTGACATTTCCCGAAAGAGAAGACACCCTCCAGATGATGATCTGTCCCAAGACTCACCAGAACAGGAGGCAAGCAAGAGCCCACGGGGAGGCGTTGCAGGGAGTGGAGAAGCCTCACTGCCTCCTGAGGGGAATCCGCAGATGTCACTTCAGAGCCCCACATCTATAGCCAGCTACAGCCAGGGCACAGGATCTGTGGATGGTGGAGCAGTGGCAGCAGGGGCTTCAGGCCGAGAAAGTGCTGAGGGTCCCCCTCCCCTCTATAACACCAACCATGACTTTAAATTCTCCTACTCAGAGATCAACTTTCAGGATCTAAGCTGGTCCTTCCGCAACCTCTATAAGTCCATGCTGGAGAAGTCCTCTTCCTCCTCTCAGCACGGCTTTTCTTCTCTCCTGGGGGACATCCCACCCTCGAACAACTACTACATGTATCAGCAGCAGGCACCGCCACCTCAACAGCAGCAGCAGCAGCAGCAGCCGCCACAGCCACCTCCCCAGCAGTCCCAGCCACAGCAGCAGCAGGCACCTGCCCAGGGCCCCTCAGCTGTAGGGGGTGCTCCTCCACTGCACACCCCAAGCACAGATGGTTGTACCCCACCAGGGGGAAAGCAAGCTGGGGCGGAAGGCTATGGGCCTCCCCCTGTAATGGCCATGCATCCACCCCCGCTGCAGCATGGAGGCTACCACCCTCATCAGCACCATCCCCACTCCCACCCTGCCCAGCAGCCACCACCTCCACAGCCACAGGCACAAGGCCAGGCTCCCATCAACAACACTGGCTTTGCCTTTCCTTCTGACTGGTGCTCTAATATTGACTCTTTAAAGGAAAGCTTCAAGATGGTGAATCGGCTCAATTGGTCCAGCATTGAGCAGTCACAATTCTCAGAACTGATGGAGAGTCTACGACAGGCAGAGCAGAAGAACTGGACCCTCGACCAGCATCACATTGCCAATCTGTGTGACTCCCTCAACCACTTCCTTACTCAGACTGGTCACGTGCCCCCTCAAGGGGGTACCCACCGCCCACCAGCCCCTGCCCGTATTGCTGACTCCTGTGCCCTCACCAGTGGCAAACAGGAGTCAGCCATGAGCCAAGTGAACTCTTATGGGCACCCACAAGCTCCCCACCTCTACCCTGGCCCATCACCAATGTACCCAATCCCCACCCAGGACTCAGCAGGATACAATCGCCCAGCACACCATATGGTCCCTCGGCCATCAGTGCCACCTCCTGGTGCCAATGAGGAGATCCCTGATGACTTCGACTGGGACTTGATCACT
FOXK1,FOXO3,ATGGCAGAGGCACCGGCTTCCCCGGCCCCGCTCTCTCCGCTCGAAGTGGAGCTGGACCCGGAGTTCGAGCCCCAGAGCCGTCCGCGATCCTGTACGTGGCCCCTGCAAAGGCCGGAGCTCCAAGCGAGCCCTGCCAAGCCCTCGGGGGAGACGGCCGCCGACTCCATGATCCCCGAGGAGGAGGACGATGAAGACGACGAGGACGGCGGGGGACGGGCCGGCTCGGCCATGGCGATCGGCGGCGGCGGCGGGAGCGGCACGCTGGGCTCCGGGCTGCTCCTTGAGGACTCGGCCCGGGTGCTGGCACCCGGAGGGCAAGACCCCGGGTCTGGGCCAGCCACCGCGGCGGGCGGGCTGAGCGGGGGTACACAGGCGCTGCTGCAGCCTCAGCAACCGCTGCCACCACCGCAGCCGGGGGCGGCTGGGGGCTCCGGGCAGCCGAGGAAATGTTCGTCGCGGCGGAACGCCTGGGGAAACCTGTCCTACGCGGACCTGATCACCCGCGCCATCGAGAGCTCCCCGGACAAACGGCTCACTCTGTCCCAGATCTACGAGTGGATGGTGCGTTGCGTGCCCTACTTCAAGGATAAGGGCGACAGCAACAGCTCTGCCGGCTGGAAGAACTCCATCCGGCACAACCTGTCACTGCATAGTCGATTCATGCGGGTCCAGAATGAGGGAACTGGCAAGAGCTCTTGGTGGATCATCAACCCTGATGGGGGGAAGAGCGGAAAAGCCCCCCGGCGGCGGGCTGTCTCCATGGACAATAGCAACAAGTATACCAAGAGCCGTGGCCGCGCAGCCAAGAAGAAGGCAGCCCTGCAGACAGCCCCCGAATCAGCTGACGACAGTCCCTCCCAGCTCTCCAAGTGGCCTGGCAGCCCCACGTCACGCAGCAGTGATGAGCTGGATGCGTGGACGGACTTCCGTTCACGCACCAATTCTAACGCCAGCACAGTCAGTGGCCGCCTGTCGCCCATCATGGCAAGCACAGAGTTGGATGAAGTCCAGGACGATGATGCGCCTCTCTCGCCCATGCTCTACAGCAGCTCAGCCAGCCTGTCACCTTCAGTAAGCAAGCCGTGCACGGTGGAACTGCCACGGCTGACTGATATGGCAGGCACCATGAATCTGAATGATGGGCTGACTGAAAACCTCATGGACGACCTGCTGGATAACATCACGCTCCCGCCATCCCAGCCATCGCCCACTGGGGGACTCATGCAGCGGAGCTCTAGCTTCCCGTATACCACCAAGGGCTCGGGCCTGGGCTCCCCAACCAGCTCCTTTAACAGCACGGTGTTCGGACCTTCATCTCTGAACTCCCTACGCCAGTCTCCCATGCAGACCATCCAAGAGAACAAGCCAGCTACCTTCTCTTCCATGTCACACTATGGTAACCAGACACTCCAGGACCTGCTCACTTCGGACTCACTTAGCCACAGCGATGTCATGATGACACAGTCGGACCCCTTGATGTCTCAGGCCAGCACCGCTGTGTCTGCCCAGAATTCCCGCCGGAACGTGATGCTTCGCAATGATCCGATGATGTCCTTTGCTGCCCAGCCTAACCAGGGAAGTTTGGTCAATCAGAACTTGCTCCACCACCAGCACCAAACCCAGGGCGCTCTTGGTGGCAGCCGTGCCTTGTCGAATTCTGTCAGCAACATGGGCTTGAGTGAGTCCAGCAGCCTTGGGTCAGCCAAACACCAGCAGCAGTCTCCTGTCAGCCAGTCTATGCAAACCCTCTCGGACTCTCTCTCAGGCTCCTCCTTGTACTCAACTAGTGCAAACCTGCCCGTCATGGGCCATGAGAAGTTCCCCAGCGACTTGGACCTGGACATGTTCAATGGGAGCTTGGAATGTGACATGGAGTCCATTATCCGTAGTGAACTCATGGATGCTGATGGGTTGGATTTTAACTTTGATTCCCTCATCTCCACACAGAATGTTGTTGGTTTGAACGTGGGGAACTTCACTGGTGCTAAGCAGGCCTCATCTCAGAGCTGGGTGCCAGGC
FOXK1,FOXP1,ATGATGCAAGAATCTGGGACTGAGACAAAAAGTAACGGTTCAGCCATCCAGAATGGGTCGGGCGGCAGCAACCACTTACTAGAGTGCGGCGGTCTTCGGGAGGGGCGGTCCAACGGAGAGACGCCGGCCGTGGACATCGGGGCAGCTGACCTCGCCCACGCCCAGCAGCAGCAGCAACAGGCACTTCAGGTGGCAAGACAGCTCCTTCTTCAGCAGCAACAGCAGCAGCAAGTTAGTGGATTAAAATCTCCCAAGAGGAATGACAAACAACCAGCTCTTCAGGTTCCCGTGTCAGTGGCTATGATGACACCTCAAGTTATCACTCCCCAGCAAATGCAGCAGATCCTCCAGCAACAAGTGCTGAGCCCTCAGCAGCTCCAGGTTCTCCTCCAGCAGCAGCAGGCCCTCATGCTTCAACAGCAGCAGCTTCAAGAGTTTTATAAAAAACAACAGGAACAGTTGCAGCTTCAACTTTTACAACAACAACATGCTGGAAAACAGCCTAAAGAGCAACAGCAGGTGGCTACCCAGCAGTTGGCTTTTCAGCAGCAGCTTTTACAGATGCAGCAGTTACAGCAGCAGCACCTCCTGTCTTTGCAGCGCCAAGGCCTTCTGACAATTCAGCCCGGGCAGCCTGCCCTTCCCCTTCAACCTCTTGCTCAAGGCATGATTCCAACAGAACTGCAGCAGCTCTGGAAAGAAGTGACAAGTGCTCATACTGCAGAAGAAACCACAGGCAACAATCACAGCAGTTTGGATCTGACCACGACATGTGTCTCCTCCTCTGCACCTTCCAAGACCTCCTTAATAATGAACCCACATGCCTCTACCAATGGACAGCTCTCAGTCCACACTCCCAAAAGGGAAAGTTTGTCCCATGAGGAGCACCCCCATAGCCATCCTCTCTATGGACATGGTGTATGCAAGTGGCCAGGCTGTGAAGCAGTGTGCGAAGATTTCCAATCATTTCTAAAACATCTCAACAGTGAGCATGCGCTGGACGATAGAAGTACAGCCCAATGTAGAGTACAAATGCAGGTTGTACAGCAGTTAGAGCTACAGCTTGCAAAAGACAAAGAACGCCTGCAAGCCATGATGACCCACCTGCATGTGAAGTCTACAGAACCCAAAGCCGCCCCTCAGCCCTTGAATCTGGTATCAAGTGTCACTCTCTCCAAGTCCGCATCGGAGGCTTCTCCACAGAGCTTACCTCATACTCCAACGACCCCAACCGCCCCCCTGACTCCCGTCACCCAAGGCCCCTCTGTCATCACAACCACCAGCATGCACACGGTGGGACCCATCCGCAGGCGGTACTCAGACAAATACAACGTGCCCATTTCGTCAGCAGATATTGCGCAGAACCAAGAATTTTATAAGAACGCAGAAGTTAGACCACCATTTACATATGCATCTTTAATTAGGCAGGCCATTCTCGAATCTCCAGAAAAGCAGCTAACACTAAATGAGATCTATAACTGGTTCACACGAATGTTTGCTTACTTCCGACGCAACGCGGCCACGTGGAAGAATGCAGTGCGTCATAATCTTAGTCTTCACAAGTGTTTTGTGCGAGTAGAAAACGTTAAAGGGGCAGTATGGACAGTGGATGAAGTAGAATTCCAAAAACGAAGGCCACAAAAGATCAGTGGTAACCCTTCCCTTATTAAAAACATGCAGAGCAGCCACGCCTACTGCACACCTCTCAATGCAGCTTTACAGGCTTCAATGGCTGAGAATAGTATACCTCTATACACTACCGCTTCCATGGGAAATCCCACTCTGGGCAACTTAGCCAGCGCAATACGGGAAGAGCTGAACGGGGCAATGGAGCATACCAACAGCAACGAGAGTGACAGCAGTCCAGGCAGATCTCCTATGCAAGCCGTGCATCCTGTACACGTCAAAGAAGAGCCCCTCGATCCAGAGGAAGCTGAAGGGCCCCTGTCCTTAGTGACAACAGCCAACCACAGTCCAGATTTTGACCATGACAGAGATTACGAAGATGAACCAGTAAACGAGGACATGGAGTCAGGCCTCATGGGC
FOXK1,FOXP2,ATGATGCAGGAATCTGCGACAGAGACAATAAGCAACAGTTCAATGAATCAAAATGGAATGAGCACTCTAAGCAGCCAATTAGATGCTGGCAGCAGAGATGGAAGATCAAGTGGTGACACCAGCTCTGAAGTAAGCACAGTAGAACTGCTGCATCTGCAACAACAGCAGGCTCTCCAGGCAGCAAGACAACTTCTTTTACAGCAGCAAACAAGTGGATTGAAATCTCCTAAGAGCAGTGATAAACAGAGACCACTGCAGGAATTGCTTCCAGAAACAAAATTATGTATCTGTGGCCACTCTTCTGGTGATGGGCATCCTCACAACACATTTGCAGTGCCTGTGTCAGTGGCCATGATGACTCCCCAGGTGATCACCCCTCAGCAAATGCAGCAGATCCTTCAGCAACAAGTCCTGTCTCCTCAGCAGCTACAAGCCCTTCTCCAACAACAGCAGGCTGTCATGCTGCAGCAGCAACAACTACAAGAGTTTTACAAGAAACAGCAAGAGCAGTTACATCTTCAGCTTTTGCAGCAGCAGCAGCAACAGCAGCAGCAGCAACAACAGCAGCAACAACAGCAGCAGCAACAACAACAACAACAGCAGCAACAACAGCAGCAGCAGCAGCAACAGCAGCAGCAGCAGCAACAGCATCCTGGAAAGCAAGCGAAAGAGCAGCAGCAGCAGCAGCAGCAGCAACAGCAATTGGCAGCCCAGCAGCTTGTCTTCCAGCAGCAGCTTCTCCAGATGCAACAACTCCAGCAGCAGCAGCATCTGCTCAGCCTTCAGCGTCAGGGACTCATCTCCATTCCACCTGGCCAGGCAGCACTTCCTGTCCAATCGCTGCCTCAAGCTGGCTTAAGTCCTGCTGAGATTCAGCAGTTATGGAAAGAAGTGACTGGAGTTCACAGTATGGAAGACAATGGCATTAAACATGGAGGGCTAGACCTCACTACTAACAATTCCTCCTCGACTACCTCCTCCAACACTTCCAAAGCATCACCACCAATAACTCATCATTCCATAGTGAATGGACAGTCTTCAGTTCTAAGTGCAAGACGAGACAGCTCGTCACATGAGGAGACTGGGGCCTCTCACACTCTCTATGGCCATGGAGTTTGCAAATGGCCAGGCTGTGAAAGCATTTGTGAAGATTTTGGACAGTTTTTAAAGCACCTTAACAATGAACACGCATTGGATGACCGAAGCACTGCTCAGTGTCGAGTGCAAATGCAGGTGGTGCAACAGTTAGAAATACAGCTTTCTAAAGAACGCGAACGTCTTCAAGCAATGATGACCCACTTGCACATGCGACCCTCAGAGCCCAAACCATCTCCCAAACCTCTAAATCTGGTGTCTAGTGTCACCATGTCGAAGAATATGTTGGAGACATCCCCACAGAGCTTACCTCAAACCCCTACCACACCAACGGCCCCAGTCACCCCGATTACCCAGGGACCCTCAGTAATCACCCCAGCCAGTGTGCCCAATGTGGGAGCCATACGAAGGCGACATTCAGACAAATACAACATTCCCATGTCATCAGAAATTGCCCCAAACTATGAATTTTATAAAAATGCAGATGTCAGACCTCCATTTACTTATGCAACTCTCATAAGGCAGGCTATCATGGAGTCATCTGACAGGCAGTTAACACTTAATGAAATTTACAGCTGGTTTACACGGACATTTGCTTACTTCAGGCGTAATGCAGCAACTTGGAAGAATGCAGTACGTCATAATCTTAGCCTGCACAAGTGTTTTGTTCGAGTAGAAAATGTTAAAGGAGCAGTATGGACTGTGGATGAAGTAGAATACCAGAAGCGAAGGTCACAAAAGATAACAGGAAGTCCAACCTTAGTAAAAAATATACCTACCAGTTTAGGCTATGGAGCAGCTCTTAATGCCAGTTTGCAGGCTGCCTTGGCAGAGAGCAGTTTACCTTTGCTAAGTAATCCTGGACTGATAAATAATGCATCCAGTGGCCTACTGCAGGCCGTCCACGAAGACCTCAATGGTTCTCTGGATCACATTGACAGCAATGGAAACAGTAGTCCGGGCTGCTCACCTCAGCCGCACATACATTCAATCCACGTCAAGGAAGAGCCAGTGATTGCAGAGGATGAAGACTGCCCAATGTCCTTAGTGACAACAGCTAATCACAGTCCAGAATTAGAAGACGACAGAGAGATTGAAGAAGAGCCTTTATCTGAAGATCTGGAA
GABPA,ELF1,ATGGCTGCTGTTGTCCAACAGAACGACCTAGTATTTGAATTTGCTAGTAACGTCATGGAGGATGAACGACAGCTTGGTGATCCAGCTATTTTTCCTGCCGTAATTGTGGAACATGTTCCTGGTGCTGATATTCTCAATAGTTATGCCGGTCTAGCCTGTGTGGAAGAGCCCAATGACATGATTACTGAGAGTTCACTGGATGTTGCTGAAGAAGAAATCATAGACGATGATGATGATGACATCACCCTTACAGTTGAAGCTTCTTGTCATGACGGGGATGAAACAATTGAAACTATTGAGGCTGCTGAGGCACTCCTCAATATGGATTCCCCTGGCCCTATGCTGGATGAAAAACGAATAAATAATAATATATTTAGTTCACCTGAAGATGACATGGTTGTTGCCCCAGTCACCCATGTGTCCGTCACATTAGATGGGATTCCTGAAGTGATGGAAACACAGCAGGTGCAAGAAAAATATGCAGACTCACCGGGAGCCTCATCACCAGAACAGCCTAAGAGGAAAAAAGGAAGAAAAACTAAACCACCACGACCAGATTCCCCAGCCACTACGCCAAATATATCTGTGAAGAAGAAAAACAAAGATGGAAAGGGAAACACAATTTATCTTTGGGAGTTTTTACTGGCACTGCTCCAGGACAAGGCTACTTGTCCTAAATACATCAAGTGGACCCAGCGAGAGAAAGGCATTTTTAAATTGGTGGATTCTAAAGCAGTGTCCAGGTTGTGGGGGAAGCACAAAAACAAACCTGATATGAATTATGAGACCATGGGAAGAGCACTCAGGTACTATTACCAAAGGGGTATTCTGGCAAAAGTGGAAGGTCAGCGCTTGGTGTATCAGTTTAAAGAAATGCCAAAAGATCTTATATATATAAATGATGAGGATCCAAGTTCCAGCATAGAGTCTTCAGATCCATCACTATCTTCATCAGCCACTTCAAATAGGAATCAAACCAGCCGGTCGAGAGTATCTTCAAGTCCAGGGGTAAAAGGAGGAGCCACTACAGTTCTAAAACCAGGGAATTCTAAAGCTGCAAAACCCAAAGATCCTGTGGAAGTTGCACAACCATCAGAAGTTTTGAGGACAGTGCAGCCCACGCAGTCTCCATATCCTACCCAGCTCTTCCGGACTGTTCATGTAGTACAGCCAGTACAGGCTGTCCCAGAGGGAGAAGCAGCTAGAACCAGTACCATGCAGGATGAAACATTAAATTCTTCCGTTCAGAGTATTAGGACTATACAGGCTCCAACCCAAGTTCCAGTGGTTGTGTCTCCTAGGAATCAGCAGTTGCATACAGTAACACTCCAAACAGTGCCACTCACAACAGTTATAGCCAGCACAGATCCATCAGCAGGTACTGGATCTCAGAAGTTTATTTTACAAGCCATTCCATCATCACAGCCCATGACAGTACTGAAAGAAAATGTCATGCTGCAGTCACAAAAGGCGGGCTCTCCTCCTTCAATTGTCTTGGGCCCTGCCCAGGTTCAGCAGGTCCTTACTAGCAATGTTCAGACCATTTGCAATGGAACCGTCAGTGTGGCTTCCTCTCCATCCTTCAGTGCTACTGCACCTGTGGTGACCTTTTCTCCTCGCAGTTCACAGCTGGTTGCTCACCCACCTGGCACTGTAATCACTTCAGTTATCAAAACTCAAGAAACAAAAACTCTTACACAGGAAGTAGAGAAAAAGGAATCTGAAGATCATTTGAAAGAGAACACTGAGAAAACGGAGCAGCAGCCACAGCCTTATGTGATGGTAGTGTCCAGTTCCAATGGATTTACTTCTCAGGTAGCTATGAAACAAAACGAACTGCTGGAACCCAACTCTTTTTAG
GABPA,ELF2,ATGACATCAGCAGTGGTTGACAGTGGAGGTACTATTTTGGAGCTTTCCAGCAATGGAGTAGAAAATCAAGAGGAAAGTGAAAAGGTTTCTGAATATCCAGCAGTGATTGTGGAGCCAGTTCCAAGTGCCAGATTAGAGCAGGGCTATGCAGCCCAGGTTCTGGTTTATGATGATGAGACTTATATGATGCAAGATGTGGCAGAAGAACAAGAAGTTGAGACAGAGAATGTGGAAACAGTGGAAGCATCAGTTCACAGCAGTAATGCACACTGTACAGATAAGACAATTGAAGCTGCTGAAGCCCTGCTTCATATGGAATCTCCTACCTGCTTGAGGGATTCAAGAAGTCCTGAATTCATCCATGCTGCTATGAGGCCAGATGTCATTACAGAAACTGTAGTGGAGGTGTCAACTGAAGAGTCTGAACCCATGGATACCTCTCCTATTCCAACATCACCAGATAGCCATGAACCAATGAAAAAGAAAAAAGTTGGCCGTAAACCAAAGACCCAGCAATCACCAATTTCCAATGGCTCTCCTGAGTTAGGTATAAAGAAGAAACCAAGAGAAGGAAAAGGAAACACAACCTATTTGTGGGAGTTTCTTTTAGATCTACTTCAAGATAAAAATACTTGTCCCAGGTATATTAAATGGACTCAGAGAGAAAAAGGCATATTCAAGCTGGTGGATTCAAAGGCTGTCTCTAAGCTTTGGGGAAAGCATAAGAACAAACCAGACATGAACTATGAAACCATGGGACGAGCTTTGAGATACTACTACCAAAGGGGAATTCTTGCAAAGGTTGAAGGACAGAGGCTTGTATATCAGTTCAAGGATATGCCGAAAAACATAGTGGTCATAGATGATGACAAAAGTGAAACCTGTAATGAAGATTTAGCAGGAACTACTGATGAAAAATCATTAGAACGAGTGTCACTGTCTGCAGAAAGTCTCCTGAAAGCAGCATCCTCTGTTCGCAGTGGAAAAAATTCATCCCCTATAAACTGCTCCAGAGCAGAGAAGGGTGTAGCTAGAGTTGTGAATATCACTTCCCCTGGGCACGATGCTTCATCCAGATCTCCTACTACCACTGCATCTGTGTCAGCAACAGCAGCTCCAAGGACAGTTCGTGTGGCAATGCAGGTACCTGTTGTAATGACATCATTGGGTCAGAAAATTTCAACTGTGGCAGTTCAGTCAGTTAATGCAGGCGCACCATTAATAACCAGCACTAGTCCAACAACAGCGACCTCTCCAAAGGTAGTCATTCAGACAATCCCTACTGTGATGCCAGCTTCTACTGAAAATGGAGACAAAATCACCATGCAGCCTGCCAAAATTATTACCATCCCAGCTACACAGCTTGCACAGTGTCAACTGCAGACAAAGTCAAATCTGACTGGATCAGGAAGCATTAACATTGTTGGAACCCCATTGGCTGTGAGAGCACTTACCCCTGTTTCAATAGCCCATGGTACACCTGTAATGAGACTATCAATGCCTACTCAGCAGGCATCTGGCCAGACTCCTCCTCGAGTTATCAGTGCAGTCATAAAGGGGCCAGAGGTTAAATCGGAAGCAGTGGCAAAAAAGCAAGAACATGATGTGAAAACTTTGCAGCTAGTAGAAGAAAAACCAGCAGATGGAAATAAGACAGTGACCCACGTAGTGGTTGTCAGTGCGCCTTCAGCTATTGCCCTTCCTGTAACTATGAAAACAGAAGGACTAGTGACATGTGAGAAA
GABPA,ERF1,ATGAAGACCCCGGCGGACACAGGGTTTGCCTTCCCGGATTGGGCCTACAAGCCAGAGTCGTCCCCTGGCTCAAGGCAGATCCAGCTGTGGCACTTTATCCTGGAGCTGCTGCGGAAGGAGGAGTACCAGGGCGTCATTGCCTGGCAGGGGGACTACGGGGAATTCGTCATCAAAGACCCTGATGAGGTGGCCCGGCTGTGGGGCGTTCGCAAGTGCAAGCCCCAGATGAATTACGACAAGCTGAGCCGGGCCCTGCGCTATTACTATAACAAGCGCATTCTGCACAAGACCAAGGGGAAACGGTTCACCTACAAGTTCAATTTCAACAAACTGGTGCTGGTCAATTACCCATTCATTGATGTGGGGTTGGCTGGGGGTGCAGTGCCCCAGAGTGCCCCGCCAGTGCCGTCGGGTGGTAGCCACTTCCGCTTCCCTCCCTCAACGCCCTCCGAGGTGCTGTCCCCCACCGAGGACCCCCGCTCACCACCAGCCTGCTCTTCATCTTCATCTTCCCTCTTCTCGGCTGTGGTGGCCCGCCGCCTGGGCCGAGGCTCAGTCAGTGACTGTAGTGATGGCACGTCAGAGCTGGAGGAACCGCTGGGAGAGGATCCCCGCGCCCGACCACCCGGCCCTCCGGATCTGGGTGCCTTCCGAGGGCCCCCGCTGGCCCGCCTGCCCCATGACCCTGGTGTCTTCCGAGTCTATCCCCGGCCTCGGGGTGGCCCTGAACCCCTCAGCCCCTTCCCTGTGTCGCCTCTGGCCGGTCCTGGATCCCTGCTGCCCCCTCAGCTCTCCCCGGCTCTGCCCATGACGCCCACCCACCTGGCCTACACTCCCTCGCCCACGCTGAGCCCGATGTACCCCAGTGGTGGCGGGGGGCCCAGCGGCTCAGGGGGAGGCTCCCACTTCTCCTTCAGCCCTGAGGACATGAAACGGTACCTGCAGGCCCACACCCAAAGCGTCTACAACTACCACCTCAGCCCCCGCGCCTTCCTGCACTACCCTGGGCTGGTGGTGCCCCAGCCCCAGCGCCCTGACAAGTGCCCGCTGCCGCCCATGGCACCCGAGACCCCACCGGTCCCCTCCTCGGCCTCGTCATCCTCTTCTTCTTCTTCCTCCCCATTCAAGTTTAAGCTCCAGCCGCCCCCACTCGGACGCCGGCAGCGGGCAGCTGGGGAGAAGGCCGTAGCCGGTGCTGACAAGAGCGGTGGCAGTGCAGGCGGGCTGGCTGAGGGGGCAGGGGCGCTAGCCCCACCGCCCCCGCCACCACAGATCAAGGTGGAGCCCATCTCGGAAGGCGAGTCGGAGGAGGTAGAGGTGACTGACATCAGTGATGAGGATGAGGAAGACGGGGAGGTGTTCAAGACGCCCCGTGCCCCACCTGCACCCCCTAAGCCTGAGCCCGGCGAGGCACCCGGGGCATCCCAGTGCATGCCCCTCAAGCTACGCTTTAAGCGGCGCTGGAGTGAAGACTGTCGCCTCGAAGGGGGTGGGGGCCCCGCTGGGGGCTTTGAGGATGAGGGTGAGGACAAGAAGGTGCGTGGGGAGGGGCCTGGGGAGGCTGGGGGGCCCCTCACCCCAAGGCGGGTGAGCTCTGACCTCCAGCATGCCACGGCCCAGCTCTCCCTGGAGCACCGAGACTCCTAG
GABPA,ELK1,ATGGACCCATCTGTGACGCTGTGGCAGTTTCTGCTGCAGCTGCTGAGAGAGCAAGGCAATGGCCACATCATCTCCTGGACTTCACGGGATGGTGGTGAATTCAAGCTGGTGGATGCAGAGGAGGTGGCCCGGCTGTGGGGGCTACGCAAGAACAAGACCAACATGAATTACGACAAGCTCAGCCGGGCCTTGCGGTACTACTATGACAAGAACATCATCCGCAAGGTGAGCGGCCAGAAGTTCGTCTACAAGTTTGTGTCCTACCCTGAGGTCGCAGGGTGCTCCACTGAGGACTGCCCGCCCCAGCCAGAGGTGTCTGTTACCTCCACCATGCCAAATGTGGCCCCTGCTGCTATACATGCCGCCCCAGGGGACACTGTCTCTGGAAAGCCAGGCACACCCAAGGGTGCAGGAATGGCAGGCCCAGGCGGTTTGGCACGCAGCAGCCGGAACGAGTACATGCGCTCGGGCCTCTATTCCACCTTCACCATCCAGTCTCTGCAGCCGCAGCCACCCCCTCATCCTCGGCCTGCTGTGGTGCTCCCCAGTGCAGCTCCTGCAGGGGCAGCAGCGCCCCCCTCGGGGAGCAGGAGCACCAGTCCAAGCCCCTTGGAGGCCTGTCTGGAGGCTGAAGAGGCCGGCTTGCCTCTGCAGGTCATCCTGACCCCGCCCGAGGCCCCAAACCTGAAATCGGAAGAGCTTAATGTGGAGCCGGGTTTGGGCCGGGCTTTGCCCCCAGAAGTGAAAGTAGAAGGGCCCAAGGAAGAGTTGGAAGTTGCGGGGGAGAGAGGGTTTGTGCCAGAAACCACCAAGGCCGAGCCAGAAGTCCCTCCACAGGAGGGCGTGCCAGCCCGGCTGCCCGCGGTTGTTATGGACACCGCAGGGCAGGCGGGCGGCCATGCGGCTTCCAGCCCTGAGATCTCCCAGCCGCAGAAGGGCCGGAAGCCCCGGGACCTAGAGCTTCCACTCAGCCCGAGCCTGCTAGGTGGGCCGGGACCCGAACGGACCCCAGGATCGGGAAGTGGCTCCGGCCTCCAGGCTCCGGGGCCGGCGCTGACCCCATCCCTGCTTCCTACGCATACATTGACCCCGGTGCTGCTGACACCCAGCTCGCTGCCTCCTAGCATTCACTTCTGGAGCACCCTGAGTCCCATTGCGCCCCGTAGCCCGGCCAAGCTCTCCTTCCAGTTTCCATCCAGTGGCAGCGCCCAGGTGCACATCCCTTCTATCAGCGTGGATGGCCTCTCGACCCCCGTGGTGCTCTCCCCAGGGCCCCAGAAGCCATAG
GABPA,ELK4,ATGGACAGTGCTATCACCCTGTGGCAGTTCCTTCTTCAGCTCCTGCAGAAGCCTCAGAACAAGCACATGATCTGTTGGACCTCTAATGATGGGCAGTTTAAGCTTTTGCAGGCAGAAGAGGTGGCTCGTCTCTGGGGGATTCGCAAGAACAAGCCTAACATGAATTATGACAAACTCAGCCGAGCCCTCAGATACTATTATGTAAAGAATATCATCAAAAAAGTGAATGGTCAGAAGTTTGTGTACAAGTTTGTCTCTTATCCAGAGATTTTGAACATGGATCCAATGACAGTGGGCAGGATTGAGGGTGACTGTGAAAGTTTAAACTTCAGTGAAGTCAGCAGCAGTTCCAAAGATGTGGAGAATGGAGGGAAAGATAAACCACCTCAGCCTGGTGCCAAGACCTCTAGCCGCAATGACTACATACACTCTGGCTTATATTCTTCATTTACTCTCAACTCTTTGAACTCCTCCAATGTAAAGCTTTTCAAATTGATAAAGACTGAGAATCCAGCCGAGAAACTGGCAGAGAAAAAATCTCCTCAGGAGCCCACACCATCTGTCATCAAATTTGTCACGACACCTTCCAAAAAGCCACCGGTTGAACCTGTTGCTGCCACCATTTCAATTGGCCCAAGTATTTCTCCATCTTCAGAAGAAACTATCCAAGCTTTGGAGACATTGGTTTCCCCAAAACTGCCTTCCCTGGAAGCCCCAACCTCTGCCTCTAACGTAATGACTGCTTTTGCCACCACACCACCCATTTCGTCCATACCCCCTTTGCAGGAACCTCCCAGAACACCTTCACCACCACTGAGTTCTCACCCAGACATCGACACAGACATTGATTCAGTGGCTTCTCAGCCAATGGAACTTCCAGAGAATTTGTCACTGGAGCCTAAAGACCAGGATTCAGTCTTGCTAGAAAAGGACAAAGTAAATAATTCATCAAGATCCAAGAAACCCAAAGGGTTAGAACTGGCACCCACCCTTGTGATCACGAGCAGTGATCCAAGCCCACTGGGAATACTGAGCCCATCTCTCCCTACAGCTTCTCTTACACCAGCATTTTTTTCACAGGTAGCTTGCTCGCTCTTTATGGTGTCACCATTGCTTTCATTTATTTGCCCTTTTAAGCAAATCCAGAATTTATACACTCAAGTTTGCTTTCTGTTACTTAGGTTTGTCTTAGAAAGGTTATGTGTGACTGTCATGTAG
GABPA,ERG,ATGGTCAGCACTATTAAGGAAGCCTTATCAGTTGTGAGTGAGGACCAGTCGTTGTTTGAGTGTGCCTACGGAACGCCACACCTGGCTAAGACAGAGATGACCGCGTCCTCCTCCAGCGACTATGGACAGACTTCCAAGATGAGCCCACGCGTCCCTCAGCAGGATTGGCTGTCTCAACCCCCAGCCAGGGTCACCATCAAAATGGAATGTAACCCTAGCCAGGTGAATGGCTCAAGGAACTCTCCTGATGAATGCAGTGTGGCCAAAGGCGGGAAGATGGTGGGCAGCCCAGACACCGTTGGGATGAACTACGGCAGCTACATGGAGGAGAAGCACATGCCACCCCCAAACATGACCACGAACGAGCGCAGAGTTATCGTGCCAGCAGATCCTACGCTATGGAGTACAGACCATGTGCGGCAGTGGCTGGAGTGGGCGGTGAAAGAATATGGCCTTCCAGACGTCAACATCTTGTTATTCCAGAACATCGATGGGAAGGAACTGTGCAAGATGACCAAGGACGACTTCCAGAGGCTCACCCCCAGCTACAATGCCGACATCCTTCTCTCACATCTCCACTACCTCAGAGAGACTCCTCTTCCACATTTGACTTCAGATGATGTTGATAAAGCCTTACAAAACTCTCCACGGTTAATGCATGCTAGAAACACAGGGGGTGCAGCTTTTATTTTCCCAAATACTTCAGTATATCCTGAAGCTACGCAAAGAATTACAACTAGGCCAGATTTACCATATGAGCCCCCCAGGAGATCAGCCTGGACCGGTCACGGCCACCCCACGCCCCAGTCGAAAGCTGCTCAACCATCTCCTTCCACAGTGCCCAAAACTGAAGACCAGCGTCCTCAGTTAGATCCTTATCAGATTCTTGGACCAACAAGTAGCCGCCTTGCAAATCCAGGCAGTGGCCAGATCCAGCTTTGGCAGTTCCTCCTGGAGCTCCTGTCGGACAGCTCCAACTCCAGCTGCATCACCTGGGAAGGCACCAACGGGGAGTTCAAGATGACGGATCCCGACGAGGTGGCCCGGCGCTGGGGAGAGCGGAAGAGCAAACCCAACATGAACTACGATAAGCTCAGCCGCGCCCTCCGTTACTACTATGACAAGAACATCATGACCAAGGTCCATGGGAAGCGCTACGCCTACAAGTTCGACTTCCACGGGATCGCCCAGGCCCTCCAGCCCCACCCCCCGGAGTCATCTCTGTACAAGTACCCCTCAGACCTCCCGTACATGGGCTCCTATCACGCCCACCCACAGAAGATGAACTTTGTGGCGCCCCACCCTCCAGCCCTCCCCGTGACATCTTCCAGTTTTTTTGCTGCCCCAAACCCATACTGGAATTCACCAACTGGGGGTATATACCCCAACACTAGGCTCCCCACCAGCCATATGCCTTCTCATCTGGGCACTTACTAC
GABPA,FLI1,ATGGACGGGACTATTAAGGAGGCTCTGTCGGTGGTGAGCGACGACCAGTCCCTCTTTGACTCAGCGTACGGAGCGGCAGCCCATCTCCCCAAGGCCGACATGACTGCCTCGGGGAGTCCTGACTACGGGCAGCCCCACAAGATCAACCCCCTCCCACCACAGCAGGAGTGGATCAATCAGCCAGTGAGGGTCAACGTCAAGCGGGAGTATGACCACATGAATGGATCCAGGGAGTCTCCGGTGGACTGCAGCGTTAGCAAATGCAGCAAGCTGGTGGGCGGAGGCGAGTCCAACCCCATGAACTACAACAGCTATATGGACGAGAAGAATGGCCCCCCTCCTCCCAACATGACCACCAACGAGAGGAGAGTCATCGTCCCCGCAGACCCCACACTGTGGACACAGGAGCATGTGAGGCAATGGCTGGAGTGGGCCATAAAGGAGTACAGCTTGATGGAGATCGACACATCCTTTTTCCAGAACATGGATGGCAAGGAACTGTGTAAAATGAACAAGGAGGACTTCCTCCGCGCCACCACCCTCTACAACACGGAAGTGCTGTTGTCACACCTCAGTTACCTCAGGGAAAGTTCACTGCTGGCCTATAATACAACCTCCCACACCGACCAATCCTCACGATTGAGTGTCAAAGAAGACCCTTCTTATGACTCAGTCAGAAGAGGAGCTTGGGGCAATAACATGAATTCTGGCCTCAACAAAAGTCCTCCCCTTGGAGGGGCACAAACGATCAGTAAGAATACAGAGCAACGGCCCCAGCCAGATCCGTATCAGATCCTGGGCCCGACCAGCAGTCGCCTAGCCAACCCTGGAAGCGGGCAGATCCAGCTGTGGCAATTCCTCCTGGAGCTGCTCTCCGACAGCGCCAACGCCAGCTGTATCACCTGGGAGGGGACCAACGGGGAGTTCAAAATGACGGACCCCGATGAGGTGGCCAGGCGCTGGGGCGAGCGGAAAAGCAAGCCCAACATGAATTACGACAAGCTGAGCCGGGCCCTCCGTTATTACTATGATAAAAACATTATGACCAAAGTGCACGGCAAAAGATATGCTTACAAATTTGACTTCCACGGCATTGCCCAGGCTCTGCAGCCACATCCGACCGAGTCGTCCATGTACAAGTACCCTTCTGACATCTCCTACATGCCTTCCTACCATGCCCACCAGCAGAAGGTGAACTTTGTCCCTCCCCATCCATCCTCCATGCCTGTCACTTCCTCCAGCTTCTTTGGAGCCGCATCACAATACTGGACCTCCCCCACGGGGGGAATCTACCCCAACCCCAACGTCCCCCGCCATCCTAACACCCACGTGCCTTCACACTTAGGCAGCTACTACTTG
HEY1,MNT,ATGAGCATAGAGACGCTACTGGAGGCGGCCCGCTTCCTGGAATGGCAAGCGCAGCAACAACAGAGAGCACGTGAGGAGCAGGAGCGGCTTCGCTTGGAGCAGGAGCGAGAGCAGGAACAGAAGAAGGCCAATAGCCTGGCCAGGCTGGCACATACCCTTCCTGTGGAGGAACCCCGCATGGAGGCGCCACCCCTGCCTCTGTCTCCACCGGCTCCCCCGCCGGCACCCCCACCACCACTTGCCACCCCTGCCCCACTGACTGTCATCCCTATCCCTGTGGTGACCAACTCCCCTCAGCCTCTACCCCCACCCCCACCCTTGCCCGCGGCAGCCCAGCCTCTGCCCCTGGCGCCTCGTCAGCCGGCCCTGGTTGGCGCCCCCGGACTCAGCATTAAGGAGCCTGCCCCCCTGCCCAGCAGGCCGCAGGTGCCCACCCCTGCTCCCCTACTGCCGGACTCGAAGGCCACCATTCCACCCAATGGCAGCCCCAAGCCTTTGCAGCCCCTCCCCACGCCTGTCCTGACCATAGCGCCACACCCTGGAGTCCAGCCTCAGCTGGCCCCCCAGCAGCCGCCCCCACCCACGCTGGGGACCCTGAAGTTGGCACCAGCTGAAGAAGTCAAATCCAGTGAACAGAAGAAGAGGCCCGGGGGGATCGGAACCAGAGAAGTCCACAACAAATTGGAGAAGAACAGGAGGGCCCATCTGAAAGAGTGCTTTGAGACCCTGAAGCGGAACATCCCCAACGTGGATGACAAGAAGACGTCCAATCTGAGCGTGCTGCGGACGGCGCTGCGGTACATCCAGTCCCTGAAGAGGAAGGAGAAGGAATATGAGCATGAAATGGAGCGGCTGGCACGTGAGAAGATTGCCACGCAGCAGCGGCTGGCAGAGCTCAAGCACGAGCTGAGCCAGTGGATGGACGTACTGGAGATTGACCGCGTGCTGCGGCAGACGGGCCAGCCCGAGGATGACCAGGCCTCCACCTCCACCGCCTCTGAGGGTGAGGACAACATAGACGAGGATATGGAGGAGGACCGGGCGGGCCTGGGCCCACCTAAGCTGAGCCATCGTCCCCAGCCGGAGCTGCTGAAGTCCACCCTGCCACCCCCCAGCACCACCCCTGCGCCTCTGCCTCCACACCCACACCCTCACCCCCACTCCGTGGCCCTACCTCCTGCCCACCTCCCCGTGCAGCAGCAGCAGCCACAGCAGAAGACCCCTCTGCCAGCCCCTCCTCCCCCACCGGCTGCCCCTGCCCAGACACTGGTGCCAGCTCCAGCCCATCTGGTGGCGACGGCTGGGGGTGGCTCCACGGTCATCGCCCACACAGCCACCACTCACGCTTCAGTCATCCAGACTGTGAACCACGTTCTGCAGGGGCCAGGCGGCAAGCACATCGCCCACATCGCCCCCTCGGCCCCCAGCCCTGCGGTGCAACTGGCGCCTGCCACACCCCCCATTGGGCACATCACTGTGCACCCTGCCACCCTCAACCATGTGGCCCACCTGGGCTCCCAGCTGCCCTTGTACCCGCAGCCCGTGGCAGTGAGCCACATCGCCCACACCCTCTCGCACCAGCAAGTCAACGGCACGGCCGGCCTGGGGCCCCCGGCTACTGTCATGGCAAAGCCGGCCGTGGGGGCTCAGGTGGTGCACCACCCCCAGCTGGTGGGCCAGACCGTGCTCAACCCTGTGACCATGGTCACCATGCCCTCCTTCCCAGTCAGCACACTCAAGCTGGCTTTG
HEY1,MLXIPL,ATGGCTGGCGCGCTGGCAGGCCTGGCCGCTGGCTTACAGGTCCCGAGGGTCGCGCCCAGCCCAGATTCTGATTCGGACACAGACTCTGAGGACCCGAGTCTCAGGCGCAGCGCGGGCGGCTTGCTCCGCTCGCAGGTCATTCACAGCGGTCACTTCATGGTGTCTTCTCCGCACAGCGACTCTCTGCCCAGGCGGCGCGACCAGGAGGGGTCCGTGGGGCCCTCTGATTTCGGGCCTCGCAGTATCGACCCCACACTCACACGCCTTTTCGAGTGCTTGAGCCTGGCCTACAGTGGCAAGCTGGTGTCACCCAAGTGGAAGAATTTCAAAGGCCTCAAGCTCCTCTGCAGGGACAAGATCCGCCTGAACAACGCCATCTGGAGGGCCTGGTATATCCAGTATGTGAAGAGGAGGAAGAGCCCCGTGTGTGGCTTCGTGACCCCCCTGCAGGGGCCTGAGGCTGATGCGCACAGGAAGCCGGAGGCCGTGGTCCTCGAAGGGAACTACTGGAAGCGGCGCATCGAGGTGGTGATGCGGGAATACCACAAGTGGCGCATCTACTACAAGAAGCGGCTTCGTAAGCCCAGTAGAGAAGATGACCTGCTGGCCCCTAAGCAGGCGGAAGGCAGATGGCCGCCGCCGGAGCAATGGTGCAAACAGCTGTTCTCCAGTGTTGTCCCCGTGCTGCTGGGGGACCCAGAGGAAGAGCCGGGTGGGCGGCAGCTCCTGGACCTCAATTGCTTTTTGTCCGACATCTCAGACACTCTCTTCACCATGACTCAGTCCGGCCCCTCGCCCCTGCAGCTGCCGCCTGAGGATGCCTACGTCGGCAATGCTGACATGATCCAGCCGGACCTGACGCCACTGCAGCCAAGCCTGGATGACTTCATGGACATCTCAGATTTCTTTACCAACTCCCGCCTCCCACAGCCGCCCATGCCTTCCAACTTCCCAGAGCCTCCCAGCTTCTCCCCTGTGGTTGACTCCCTCTTCAGCAGCGGGACCCTGGGCCCAGAGGTGCCCCCGGCTTCCTCCGCCATGACCCACCTCTCTGGACACAGCAGACTTCAGGCTCGGAACAGCTGCCCTGGACCCTTGGACTCCAGCGCCTTCCTGAGCTCTGATTTCCTCCTTCCTGAAGACCCCAAACCTCGGCTCCCACCTCCTCCTGTACCCCCACCTCTGCTGCATTACCCTCCCCCTGCCAAGGTGCCAGGACTGGAGCCCTGCCCCCCACCTCCCTTCCCTCCCATGGCACCACCTACTGCTTTGCTGCAGGAAGAGCCTCTCTTCTCTCCCAGGTTTCCTTTCCCCACCGTCCCTCCTGCCCCAGGAGTGTCTCCTCTGCCTGCTCCTGCAGCCTTCCCACCCACCCCACAGTCTGTCCCTAGCCCCGCCCCTACCCCTTTCCCTATAGAGCTTCTACCCTTGGGGTATTCGGAGCCTGCCTTTGGCCCTTGCTTCTCCATGCCCAGAGGCAAGCCCCCCGCCCCATCCCCTAGGGGACAGAAAGCCAGCCCTCCTACATTAGCCCCTGCCACTGCCAGTCCTCCTACCACCGCGGGGAGCAACAACCCCTGCCTCACACAGCTCCTCACAGCAGCTAAGCCGGAGCAAGCCCTGGAGCCACCACTTGTATCCAGTACCCTCCTCCGGTCACCAGGGTCCCCGCAGGAGACAGTCCCTGAATTCCCCTGCACATTCCTTCCCCCGACCCCTGCCCCTACACCGCCTCGGCCACCTCCAGGACCTGCTACATTGGCCCCTTCAAGACCCCTGCTTGTCCCCAAAGCGGAGAGGCTCTCACCCCCAGCGCCCAGCGGGAGTGAACGGCGGCTGTCAGGGGACCTTAGTTCCATGCCAGGCCCTGGGACTCTGAGTGTCCGTGTCTCTCCCCCGCAACCCATCCTCAGCCGGGGCCGTCCAGACAGCAACAAGACCGAGAACCGGCGTATCACACACATCTCCGCGGAGCAGAAGCGGCGCTTCAACATCAAGCTGGGGTTTGACACCCTTCATGGGCTCGTGAGCACACTCAGCGCCCAGCCCAGCCTCAAGGTGAGCAAAGCTACCACGCTGCAGAAGACAGCTGAGTACATCCTTATGCTACAGCAGGAGCGTGCGGGCCTGCAGGAGGAGGCCCAGCAGCTGCGGGATGAGATTGAGGAGCTCAATGCCGCCATTAACCTGTGCCAGCAGCAGCTGCCCGCCACAGGGGTGCCCATCACACACCAGCGTTTTGACCAGATGCGAGACATGTTTGATGACTACGTCCGAACCCGTACGCTGCACAACTGGAAGTTCTGGGTGTTCAGCATCCTCATCCGGCCTCTGTTTGAGTCCTTCAACGGGATGGTGTCCACGGCAAGTGTGCACACCCTCCGCCAGACCTCACTGGCCTGGCTGGACCAGTACTGCTCTCTCCCTGCTCTCCGGCCAACTGTCCTGAACTCTCTACGCCAGCTGGGCACATCTACCAGTATCCTGACCGACCCGGGGCGCATCCCCGAGCAAGCCACACGGGCAGTCACAGAGGGCACCCTTGGCAAACCTTTA
HEY1,MLX,ATGACGGAGCCTGGAGCTTCTCCTGAGGATCCTTGGGTTAAAGCAAGCCCTGTGGGAGCTCATGCTGGAGAAGGAAGAGCTGGTAGGGCTCGTGCACGTAGAGGGGCTGGAAGACGAGGAGCTTCTCTTCTTTCCCCAAAGTCTCCCACACTTTCCGTGCCTAGGGGCTGCAGAGAAGACAGCTCTCATCCCGCGTGTGCTAAGGTGGAGTATGCCTATAGTGATAACAGCCTGGACCCCGGGCTTTTTGTAGAAAGCACCCGCAAGGGGAGTGTAGTGTCCAGAGCTAATAGCATCGGTTCCACCAGTGCCTCTTCTGTCCCCAACACAGATGATGAGGACAGTGATTACCACCAGGAGGCCTACAAGGAGTCCTACAAAGACCGGCGGCGGCGAGCACACACTCAGGCTGAGCAGAAAAGGAGAGACGCCATCAAGAGAGGCTATGATGACCTTCAGACCATCGTCCCCACTTGTCAGCAGCAGGACTTCTCCATTGGCTCCCAAAAGCTCAGCAAAGCCATCGTTCTACAAAAGACCATTGACTACATTCAGTTTTTGCACAAGGAGAAGAAAAAGCAGGAGGAGGAGGTGTCCACGTTACGCAAGGATGTCACCGCCCTAAAGATCATGAAAGTGAACTATGAGCAGATTGTGAAGGCACACCAGGACAACCCCCATGAAGGGGAGGACCAGGTGTCTGACCAGGTCAAGTTCAACGTGTTTCAAGGCATCATGGATTCCCTGTTCCAGTCCTTCAATGCCTCCATCTCAGTGGCCAGCTTCCAGGAGCTGTCAGCGTGTGTCTTCAGCTGGATCGAGGAGCACTGTAAGCCTCAGACCCTGCGGGAGATTGTGATTGGAGTCCTGCACCAATTGAAAAACCAGCTTTAC
HEY1,MXD4,ATGGAGCTGAACTCCCTGCTGATCCTGCTGGAGGCGGCCGAGTACCTGGAGCGCAGGGATCGAGAGGCCGAGCACGGCTACGCCTCGGTGCTGCCCTTCGACGGCGACTTCGCCAGGGAGAAAACAAAGGCGGCCGGCCTGGTGCGCAAGGCCCCGAACAACAGGTCTTCACACAACGAGCTAGAAAAGCACAGACGAGCCAAACTCAGGCTGTACCTTGAGCAGCTCAAGCAACTGGTGCCCCTGGGCCCCGACAGCACCCGCCACACCACGCTGAGCCTCCTGAAGCGGGCCAAGGTGCACATCAAGAAACTGGAGGAGCAGGACCGCCGGGCACTGAGCATCAAGGAGCAGCTGCAGCAGGAGCATCGTTTCCTGAAGCGGCGCCTGGAGCAGCTGTCGGTGCAGAGCGTGGAGCGCGTGCGCACAGATAGCACGGGCTCTGCTGTCTCCACGGACGACTCAGAGCAAGAAGTGGACATAGAGGGCATGGAGTTTGGCCCTGGTGAGCTGGACAGTGTTGGCAGCAGCAGTGACGCGGACGACCACTACAGCCTGCAGAGTGGCACCGGCGGCGACAGTGGCTTCGGGCCCCACTGCCGGCGGCTGGGCCGCCCCGCCCTCTCG
HXD10,CDX2,ATGTACGTGAGCTACCTCCTGGACAAGGACGTGAGCATGTACCCTAGCTCCGTGCGCCACTCTGGCGGCCTCAACCTGGCGCCGCAGAACTTCGTCAGCCCCCCGCAGTACCCGGACTACGGCGGTTACCACGTGGCGGCCGCAGCTGCAGCGGCAGCGAACTTGGACAGCGCGCAGTCCCCGGGGCCATCCTGGCCGGCAGCGTATGGCGCCCCACTCCGGGAGGACTGGAATGGCTACGCGCCCGGAGGCGCCGCGGCCGCCGCCAACGCCGTGGCTCACGGCCTCAACGGTGGCTCCCCGGCCGCAGCCATGGGCTACAGCAGCCCCGCAGACTACCATCCGCACCACCACCCGCATCACCACCCGCACCACCCGGCCGCCGCGCCTTCCTGCGCTTCTGGGCTGCTGCAAACGCTCAACCCCGGCCCTCCTGGGCCCGCCGCCACCGCTGCCGCCGAGCAGCTGTCTCCCGGCGGCCAGCGGCGGAACCTGTGCGAGTGGATGCGGAAGCCGGCGCAGCAGTCCCTCGGCAGCCAAGTGAAAACCAGGACGAAAGACAAATATCGAGTGGTGTACACGGACCACCAGCGGCTGGAGCTGGAGAAGGAGTTTCACTACAGTCGCTACATCACCATCCGGAGGAAAGCCGAGCTAGCCGCCACGCTGGGGCTCTCTGAGAGGCAGGTTAAAATCTGGTTTCAGAACCGCAGAGCAAAGGAGAGGAAAATCAACAAGAAGAAGTTGCAGCAGCAACAGCAGCAGCAGCCACCACAGCCGCCTCCGCCGCCACCACAGCCTCCCCAGCCTCAGCCAGGTCCTCTGAGAAGTGTCCCAGAGCCCTTGAGTCCGGTGTCTTCCCTGCAAGCCTCAGTGTCTGGCTCTGTCCCTGGGGTTCTGGGGCCAACTGGGGGGGTGCTAAACCCCACCGTCACCCAGTGA
HXD10,HOXA11,ATGGATTTTGATGAGCGTGGTCCCTGCTCCTCTAACATGTATTTGCCAAGTTGTACTTACTACGTCTCGGGTCCAGATTTCTCCAGCCTCCCTTCTTTTCTGCCCCAGACCCCGTCTTCGCGCCCAATGACATACTCCTACTCCTCCAACCTGCCCCAGGTCCAACCCGTGCGCGAAGTGACCTTCAGAGAGTACGCCATTGAGCCCGCCACTAAATGGCACCCCCGCGGCAATCTGGCCCACTGCTACTCCGCGGAGGAGCTCGTGCACAGAGACTGCCTGCAGGCGCCCAGCGCGGCCGGCGTGCCTGGCGACGTGCTGGCCAAGAGCTCGGCCAACGTCTACCACCACCCCACCCCCGCAGTCTCGTCCAATTTCTATAGCACCGTGGGCAGGAACGGCGTCCTGCCACAGGCTTTCGACCAGTTTTTCGAGACAGCCTACGGCACCCCGGAAAACCTCGCCTCCTCCGACTACCCCGGGGACAAGAGCGCCGAGAAGGGGCCCCCGGCGGCCACGGCGACCTCCGCGGCGGCGGCGGCGGCTGCAACGGGCGCGCCGGCAACTTCAAGTTCGGACAGCGGCGGCGGCGGCGGCTGCCGGGAGATGGCGGCGGCAGCAGAGGAGAAAGAGCGGCGGCGGCGCCCCGAGAGCAGCAGCAGCCCCGAGTCGTCTTCCGGCCACACTGAGGACAAGGCCGGCGGCTCCAGTGGCCAACGCACCCGCAAAAAGCGCTGCCCCTATACCAAGTACCAGATCCGAGAGCTGGAACGGGAGTTCTTCTTCAGCGTCTACATTAACAAAGAGAAGCGCCTGCAACTGTCCCGCATGCTCAACCTCACTGATCGTCAAGTCAAAATCTGGTTTCAGAACAGGAGAATGAAGGAAAAAAAAATTAACAGAGACCGTTTACAGTACTACTCAGCAAATCCACTCCTCTTG
HXD10,HOXC10,ATGACATGCCCTCGCAATGTAACTCCGAACTCGTACGCGGAGCCCTTGGCTGCGCCCGGCGGAGGAGAGCGCTATAGCCGGAGCGCAGGCATGTATATGCAGTCTGGGAGTGACTTCAATTGCGGGGTGATGAGGGGCTGCGGGCTCGCGCCCTCGCTCTCCAAGAGGGACGAGGGCAGCAGCCCCAGCCTCGCCCTCAACACCTATCCGTCCTACCTCTCGCAGCTGGACTCCTGGGGCGACCCCAAAGCCGCCTATCGCCTGGAACAACCTGTTGGCAGGCCGCTGTCCTCCTGCTCCTACCCACCTAGTGTCAAGGAGGAGAATGTCTGCTGCATGTACAGCGCAGAGAAGCGGGCGAAAAGTGGCCCCGAGGCAGCTCTCTACTCCCACCCCTTGCCGGAGTCCTGCCTTGGGGAGCACGAGGTACCCGTGCCCAGCTACTACCGCGCCAGCCCGAGCTACTCCGCGCTGGACAAGACGCCCCACTGTTCTGGGGCCAACGACTTCGAAGCCCCTTTCGAGCAGCGGGCCAGTCTCAACCCGCGCGCCGAACATCTGGAATCGCCTCAGCTGGGGGGCAAAGTGAGTTTCCCTGAGACCCCCAAGTCCGACAGCCAGACCCCCAGCCCCAATGAAATCAAGACGGAGCAGAGCCTGGCGGGCCCTAAAGGGAGCCCCTCGGAGAGCGAAAAGGAGAGGGCCAAAGCTGCCGACTCCAGCCCAGACACCTCGGATAACGAAGCGAAAGAGGAGATAAAGGCAGAAAACACCACAGGAAATTGGCTGACAGCAAAGAGCGGAAGGAAGAAGAGGTGCCCCTATACTAAACACCAGACGCTGGAATTGGAGAAAGAATTTCTGTTCAATATGTATTTGACGCGAGAGCGCCGCCTGGAGATTAGCAAGACCATTAACCTTACAGACAGACAAGTCAAAATCTGGTTTCAAAATCGCAGAATGAAACTCAAGAAAATGAACCGAGAGAATCGGATCCGGGAACTGACCTCCAATTTTAATTTCACCTGA
HXD10,HOXD9,ATGTCTTCCAGTGGCACCCTCAGCAACTACTACGTGGACTCGCTTATAGGCCATGAGGGCGACGAGGTGTTCGCGGCGCGCTTCGGGCCGCCGGGGCCAGGCGCGCAGGGCCGGCCTGCAGGTGTGGCTGATGGCCCGGCCGCCACCGCCGCCGAGTTCGCCTCGTGTAGTTTTGCCCCCAGATCGGCCGTGTTCTCTGCCTCGTGGTCCGCGGTGCCCTCCCAGCCCCCGGCAGCGGCGGCGATGAGCGGCCTCTACCACCCGTACGTTCCCCCGCCGCCCCTGGCCGCCTCTGCCTCCGAGCCCGGCCGCTACGTGCGCTCCTGGATGGAGCCGCTGCCCGGCTTCCCGGGCGGTGCGGGCGGTGGCGGTGGTGGTGGAGGCGGCGGTCCGGGCCGCGGTCCCAGCCCTGGCCCCAGCGGCCCAGCCAACGGGCGCCACTACGGGATTAAGCCTGAAACCCGAGCGGCCCCGGCCCCCGCCACGGCCGCCTCCACCACCTCCTCCTCCTCCACTTCCTTATCCTCCTCCTCCAAACGGACTGAGTGCTCCGTGGCCCGGGAGTCCCAGGGGAGCAGCGGCCCCGAGTTCTCGTGCAACTCGTTCCTGCAGGAGAAGGCGGCAGCGGCGACGGGGGGAACCGGGCCTGGGGCAGGGATCGGGGCCGCGACTGGGACGGGCGGCTCGTCGGAGCCCTCAGCTTGCAGCGACCACCCGATCCCAGGCTGTTCGCTGAAGGAGGAGGAGAAGCAGCATTCGCAGCCGCAGCAGCAGCAACTTGACCCAAACAACCCCGCCGCGAACTGGATCCACGCTCGCTCCACCCGGAAAAAGCGCTGTCCCTACACCAAATACCAGACGCTTGAGCTGGAGAAAGAATTCCTCTTCAACATGTACCTCACCCGGGACCGGCGCTACGAGGTGGCCAGGATTCTCAACCTAACAGAGAGACAGGTCAAAATCTGGTTTCAGAACCGTAGGATGAAAATGAAAAAGATGAGCAAGGAGAAATGCCCCAAAGGAGAC
HXD10,HOXA10,ATGTCATGCTCGGAGAGCCCCGCCGCGAACTCTTTTTTGGTCGACTCGCTCATCAGCTCGGGCAGAGGCGAGGCAGGCGGCGGTGGTGGTGGCGCGGGGGGCGGCGGCGGTGGCGGTTACTACGCCCACGGCGGGGTCTACCTGCCGCCCGCCGCCGACCTGCCCTACGGGCTGCAGAGCTGCGGGCTCTTCCCCACGCTGGGCGGCAAGCGCAATGAGGCAGCGTCGCCGGGCAGCGGTGGCGGTGGCGGGGGTCTAGGTCCCGGGGCGCACGGCTACGGGCCCTCGCCCATAGACCTGTGGCTAGACGCGCCCCGGTCTTGCCGGATGGAGCCGCCTGACGGGCCGCCGCCGCCGCCCCAGCAGCAGCCGCCGCCCCCGCCGCAACCACCCCAGCCAGCGCCGCAGGCCACCTCGTGCTCTTTCGCGCAGAACATCAAAGAAGAGAGCTCCTACTGCCTCTACGACTCGGCGGACAAATGCCCCAAAGTCTCGGCCACCGCCGCCGAACTGGCTCCCTTCCCGCGGGGCCCGCCGCCCGACGGCTGCGCCCTGGGCACCTCCAGCGGGGTGCCAGTGCCTGGCTACTTCCGCCTTTCTCAGGCCTACGGCACCGCCAAGGGCTATGGCAGCGGCGGCGGCGGCGCGCAGCAACTCGGGGCTGGCCCGTTCCCCGCGCAGCCCCCGGGGCGCGGTTTCGATCTCCCGCCCGCGCTAGCCTCCGGCTCGGCCGATGCGGCCCGGAAGGAGCGAGCCCTCGATTCGCCGCCGCCCCCCACGCTGGCTTGCGGCAGCGGCGGGGGCTCGCAGGGCGACGAGGAGGCGCACGCGTCGTCCTCGGCCGCGGAGGAGCTCTCCCCGGCCCCTTCCGAGAGCAGCAAAGCCTCGCCGGAGAAGGATTCCCTGGGCAATTCCAAAGGTGAAAACGCAGCCAACTGGCTCACGGCAAAGAGTGGTCGGAAGAAGCGCTGCCCCTACACGAAGCACCAGACACTGGAGCTGGAGAAGGAGTTTCTGTTCAATATGTACCTTACTCGAGAGCGGCGCCTAGAGATTAGCCGCAGCGTCCACCTCACGGACAGACAAGTGAAAATCTGGTTTCAGAACCGCAGGATGAAACTGAAGAAAATGAATCGAGAAAACCGGATCCGGGAGCTCACAGCCAACTTTAATTTTTCCTTG
HXD10,HOXC9,ATGTCGGCGACGGGGCCCATCAGTAACTATTACGTGGACTCGCTCATCTCTCACGACAATGAAGACCTCCTAGCGTCCAGGTTTCCGGCCACCGGGGCTCATCCCGCCGCCGCCAGACCCAGCGGTTTGGTGCCGGACTGTAGCGATTTTCCGTCCTGTAGCTTCGCGCCCAAGCCGGCAGTGTTCAGCACGTCGTGGGCGCCCGTGCCCTCTCAGTCGTCCGTGGTATATCACCCGTACGGCCCCCAGCCCCACCTCGGCGCCGACACGCGCTACATGCGGACTTGGCTCGAGCCGCTGTCCGGCGCCGTCTCCTTCCCCAGCTTCCCGGCCGGGGGCCGTCACTACGCCCTCAAGCCGGACGCCTACCCCGGGCGCCGCGCGGACTGCGGCCCAGGGGAGGGCCGCAGCTACCCGGACTACATGTACGGCTCGCCCGGGGAGCTGCGCGACCGCGCCCCGCAGACACTGCCCTCGCCCGAGGCGGACGCGCTCGCCGGCAGCAAGCACAAAGAGGAGAAGGCTGACCTGGACCCCAGCAACCCCGTGGCCAACTGGATTCACGCCCGCTCCACGAGGAAGAAGCGCTGCCCCTACACCAAGTACCAGACGCTGGAACTGGAGAAGGAGTTTCTCTTCAATATGTATTTAACCAGGGACCGTCGGTATGAGGTGGCCCGGGTTCTCAATCTCACCGAGCGGCAGGTCAAAATCTGGTTTCAGAATCGAAGGATGAAGATGAAAAAGATGAATAAAGAGAAAACCGACAAGGAGCAGTCC
HXD10,HOXA9,ATGGCCACCACTGGGGCCCTGGGCAACTACTACGTGGACTCGTTCCTGCTGGGCGCCGACGCCGCGGATGAGCTGAGCGTTGGCCGCTATGCGCCGGGGACCCTGGGCCAGCCTCCCCGGCAGGCGGCGACGCTGGCCGAGCACCCCGACTTCAGCCCGTGCAGCTTCCAGTCCAAGGCGACGGTGTTTGGCGCCTCGTGGAACCCAGTGCACGCGGCGGGCGCCAACGCTGTACCCGCTGCGGTGTACCACCACCATCACCACCACCCCTACGTGCACCCCCAGGCGCCCGTGGCGGCGGCGGCGCCGGACGGCAGGTACATGCGCTCCTGGCTGGAGCCCACGCCCGGTGCGCTCTCCTTCGCGGGCTTGCCCTCCAGCCGGCCTTATGGCATTAAACCTGAACCGCTGTCGGCCAGAAGGGGTGACTGTCCCACGCTTGACACTCACACTTTGTCCCTGACTGACTATGCTTGTGGTTCTCCTCCAGTTGATAGAGAAAAACAACCCAGCGAAGGCGCCTTCTCTGAAAACAATGCTGAGAATGAGAGCGGCGGAGACAAGCCCCCCATCGATCCCAATAACCCAGCAGCCAACTGGCTTCATGCGCGCTCCACTCGGAAAAAGCGGTGCCCCTATACAAAACACCAGACCCTGGAACTGGAGAAAGAGTTTCTGTTCAACATGTACCTCACCAGGGACCGCAGGTACGAGGTGGCTCGACTGCTCAACCTCACCGAGAGGCAGGTCAAGATCTGGTTCCAGAACCGCAGGATGAAAATGAAGAAAATCAACAAAGACCGAGCAAAAGACGAG
HXD10,HOXB9,ATGTCCATTTCTGGGACGCTTAGCAGCTATTATGTCGACTCGATCATAAGTCACGAGAGTGAGGACGCGCCTCCAGCCAAGTTTCCTTCTGGCCAGTACGCGAGCTCGCGGCAGCCGGGCCACGCGGAGCACCTGGAGTTCCCCTCGTGCAGCTTCCAGCCCAAAGCGCCGGTGTTCGGCGCCTCCTGGGCGCCGCTGAGCCCGCACGCGTCCGGGAGCCTGCCGTCCGTCTACCACCCTTACATCCAGCCCCAGGGCGTCCCGCCGGCCGAGAGCAGGTACCTCCGCACCTGGCTGGAGCCGGCGCCGCGCGGCGAAGCGGCCCCGGGGCAGGGCCAGGCGGCGGTGAAGGCGGAGCCGCTGCTGGGCGCGCCTGGGGAGCTGCTCAAACAGGGCACGCCCGAGTACAGTTTGGAAACTTCGGCGGGCAGGGAGGCCGTGCTGTCTAATCAAAGACCCGGCTACGGGGACAATAAAATTTGCGAAGGAAGCGAGGACAAAGAGAGGCCGGATCAAACCAACCCCTCCGCCAACTGGCTGCACGCTCGCTCTTCCCGGAAAAAGCGCTGTCCCTACACCAAATACCAGACGCTGGAGCTAGAGAAGGAGTTTCTGTTCAATATGTACCTCACCAGGGACCGTAGGCACGAAGTGGCCAGACTCCTCAATCTGAGTGAGAGACAAGTCAAAATCTGGTTTCAGAACCGGCGGATGAAAATGAAGAAAATGAATAAGGAGCAGGGCAAAGAG
HXD10,CDX4,ATGTACGGAAGCTGTCTTTTGGAGAAAGAAGCAGGCATGTACCCGGGCACTCTCATGAGCCCTGGGGGCGACGGCACAGCTGGGACAGGCGGCACAGGGGGCGGTGGGAGTCCGATGCCAGCCTCCAATTTCGCTGCGGCACCGGCTTTCTCGCACTATATGGGGTATCCTCATATGCCCAGCATGGATCCTCACTGGCCGTCTCTGGGAGTCTGGGGCTCACCCTACAGTCCCCCGCGAGAAGACTGGAGCGTGTATCCTGGGCCGTCTAGTACAATGGGCACAGTGCCGGTGAACGACGTGACCTCTAGCCCCGCCGCTTTCTGCTCGACCGACTACAGCAACTTGGGCCCTGTGGGCGGTGGAACTAGCGGCAGCAGCCTACCAGGCCAGGCTGGCGGGTCGCTTGTCCCGACGGACGCAGGCGCCGCCAAGGCCAGTTCCCCCAGCAGGAGCCGCCACAGCCCCTATGCATGGATGCGCAAGACGGTGCAGGTGACGGGGAAAACCAGGACAAAAGAAAAGTATCGTGTAGTTTACACTGATCATCAAAGATTGGAGCTGGAAAAGGAATTCCATTGCAATAGATATATCACCATCCAGAGAAAATCAGAGCTGGCAGTTAACCTGGGCCTTTCCGAGAGACAGGTGAAAATCTGGTTTCAGAATCGCAGAGCCAAGGAGAGAAAGATGATCAAAAAGAAAATCTCCCAGTTTGAGAATAGTGGAGGCTCGGTGCAAAGTGACTCTGACTCCATCAGCCCTGGGGAACTACCTAACACTTTTTTCACCACACCATCTGCTGTTCGTGGATTTCAACCTATTGAGATACAGCAGGTTATAGTCTCCGAA
HXD10,HOXC13,ATGACGACTTCGCTGCTCCTGCATCCACGCTGGCCGGAGAGCCTTATGTACGTCTATGAGGACAGCGCGGCGGAGAGCGGCATCGGCGGCGGCGGCGGAGGAGGAGGCGGCGGCACGGGCGGAGCGGGGGGTGGCTGCAGCGGAGCGAGCCCCGGCAAAGCCCCGAGCATGGATGGTCTGGGCAGCAGCTGCCCGGCCAGCCACTGCCGCGACCTGCTTCCGCACCCCGTGCTGGGCCGCCCGCCGGCTCCCCTGGGCGCCCCTCAGGGCGCCGTCTATACGGACATCCCGGCCCCGGAGGCGGCGCGCCAGTGTGCCCCGCCGCCCGCACCCCCCACCTCGTCCAGCGCCACCCTGGGCTACGGCTACCCCTTCGGGGGCAGCTACTACGGCTGCCGCCTGTCGCACAACGTGAACCTGCAGCAGAAGCCTTGCGCCTACCACCCGGGCGATAAATACCCGGAGCCGTCGGGCGCCCTGCCCGGTGACGACCTGTCCTCTAGGGCCAAGGAGTTCGCCTTCTACCCCAGCTTCGCCAGCTCCTACCAGGCGATGCCCGGCTACCTGGACGTGTCGGTGGTGCCCGGGATCAGCGGGCACCCGGAGCCGCGTCACGACGCCCTCATCCCCGTCGAAGGCTACCAGCACTGGGCTCTCTCCAATGGCTGGGACAGTCAGGTGTACTGCTCCAAGGAGCAGTCGCAGTCCGCCCACCTCTGGAAGTCTCCCTTCCCAGACGTGGTTCCCCTGCAGCCCGAGGTGAGCAGCTACCGGCGCGGGCGCAAGAAACGCGTGCCCTACACTAAGGTGCAGCTGAAGGAGCTAGAGAAGGAATACGCGGCTAGCAAGTTCATCACCAAAGAGAAGCGCCGGCGCATCTCCGCCACCACGAACCTCTCTGAGCGCCAGGTAACCATCTGGTTCCAGAACCGGCGGGTCAAAGAGAAGAAGGTGGTCAGCAAATCGAAAGCGCCTCATCTCCACTCCACC
NFAC4,NFATC4,ATGGGGGCGGCCAGCTGCGAGGATGAGGAGCTGGAATTTAAGCTGGTGTTCGGGGAGGAAAAGGAGGCCCCCCCGCTGGGCGCGGGGGGATTGGGGGAAGAACTGGACTCAGAGGATGCCCCGCCATGCTGCCGTCTGGCCTTGGGAGAGCCCCCTCCCTATGGCGCTGCACCTATCGGTATTCCCCGACCTCCACCCCCTCGGCCTGGCATGCATTCGCCACCGCCGCGACCAGCCCCCTCACCTGGCACCTGGGAGAGCCAGCCCGCCAGGTCGGTGAGGCTGGGAGGACCAGGAGGGGGTGCTGGGGGTGCTGGGGGTGGCCGTGTTCTCGAGTGTCCCAGCATCCGCATCACCTCCATCTCTCCCACGCCGGAGCCGCCAGCAGCGCTGGAGGACAACCCTGATGCCTGGGGGGACGGCTCTCCTAGAGATTACCCCCCACCAGAAGGCTTTGGGGGCTACAGAGAAGCAGGGGGCCAGGGTGGGGGGGCCTTCTTCAGCCCAAGCCCTGGCAGCAGCAGCCTGTCCTCGTGGAGCTTCTTCTCCGATGCCTCTGATGAGGCAGCCCTGTATGCAGCCTGCGACGAGGTGGAGTCTGAGCTAAATGAGGCGGCCTCCCGCTTTGGCCTGGGCTCCCCGCTGCCCTCGCCCCGGGCCTCCCCTCGGCCATGGACCCCCGAAGATCCCTGGAGCCTGTATGGTCCAAGCCCCGGAGGCCGAGGGCCAGAGGATAGCTGGCTACTCCTCAGTGCTCCTGGGCCCACCCCAGCCTCCCCGCGGCCTGCCTCTCCATGTGGCAAGCGGCGCTATTCCAGCTCGGGAACCCCATCTTCAGCCTCCCCAGCTCTGTCCCGCCGTGGCAGCCTGGGGGAAGAGGGGTCTGAGCCACCTCCACCACCCCCATTGCCTCTGGCCCGGGACCCGGGCTCCCCTGGTCCCTTTGACTATGTGGGGGCCCCACCAGCTGAGAGCATCCCTCAGAAGACACGGCGGACTTCCAGCGAGCAGGCAGTGGCTCTGCCTCGGTCTGAGGAGCCTGCCTCATGCAATGGGAAGCTGCCCTTGGGAGCAGAGGAGTCTGTGGCTCCTCCAGGAGGTTCCCGGAAGGAGGTGGCTGGCATGGACTACCTGGCAGTGCCCTCCCCACTCGCTTGGTCCAAGGCCCGGATTGGGGGACACAGCCCTATCTTCAGGACCTCTGCCCTACCCCCACTGGACTGGCCTCTGCCCAGCCAATATGAGCAGCTGGAGCTGAGGATCGAGGTACAGCCTAGAGCCCACCACCGGGCCCACTATGAGACAGAAGGCAGCCGTGGAGCTGTCAAAGCTGCCCCTGGCGGTCACCCCGTAGTCAAGCTCCTAGGCTACAGTGAGAAGCCACTGACCCTACAGATGTTCATCGGCACTGCAGATGAAAGGAACCTGCGGCCTCATGCCTTCTATCAGGTGCACCGTATCACAGGCAAGATGGTGGCCACGGCCAGCTATGAAGCCGTAGTCAGTGGCACCAAGGTGTTGGAGATGACTCTGCTGCCTGAGAACAACATGGCGGCCAACATTGACTGCGCGGGAATCCTGAAGCTTCGGAATTCAGACATTGAGCTTCGGAAGGGTGAGACGGACATCGGGCGCAAAAACACACGTGTACGGCTGGTGTTCCGGGTACACGTGCCCCAGGGCGGCGGGAAGGTCGTCTCAGTACAGGCAGCATCGGTGCCCATCGAGTGCTCCCAGCGCTCAGCCCAGGAGCTGCCCCAGGTGGAGGCCTACAGCCCCAGTGCCTGCTCTGTGAGAGGAGGCGAGGAACTGGTACTGACTGGCTCCAACTTCCTGCCAGACTCCAAGGTGGTGTTCATTGAGAGGGGTCCTGATGGGAAGCTGCAATGGGAGGAGGAGGCCACAGTGAACCGACTGCAGAGCAACGAGGTGACGCTGACCCTGACTGTCCCCGAGTACAGCAACAAGAGGGTTTCCCGGCCAGTCCAGGTCTACTTTTATGTCTCCAATGGGCGGAGGAAACGCAGTCCTACCCAGAGTTTCAGGTTTCTGCCTGTGATCTGCAAAGAGGAGCCCCTACCGGACTCATCTCTGCGGGGTTTCCCTTCAGCATCGGCAACCCCCTTTGGCACTGACATGGACTTCTCACCACCCAGGCCCCCCTACCCCTCCTATCCCCATGAAGACCCTGCTTGCGAAACTCCTTACCTATCAGAAGGCTTCGGCTATGGCATGCCCCCTCTGTACCCCCAGACGGGGCCCCCACCATCCTACAGACCGGGCCTGCGGATGTTCCCTGAGACTAGGGGTACCACAGGTTGTGCCCAACCACCTGCAGTTTCCTTCCTTCCCCGCCCCTTCCCTAGTGACCCGTATGGAGGGCGGGGCTCCTCTTTCTCCCTGGGGCTGCCATTCTCTCCGCCAGCCCCCTTTCGGCCGCCTCCTCTTCCTGCATCCCCACCGCTTGAAGGCCCCTTCCCTTCCCAGAGTGATGTGCATCCCCTACCTGCTGAGGGATACAATAAGGTAGGGCCAGGCTATGGCCCTGGGGAGGGGGCTCCGGAGCAGGAGAAATCCAGGGGTGGCTACAGCAGCGGCTTCCGAGACAGTGTCCCTATCCAGGGTATCACGCTGGAGGAAGTGAGTGAGATCATTGGCCGAGACCTGAGTGGCTTCCCTGCACCTCCTGGAGAAGAGCCTCCTGCCTAG
NFAC4,NFATC3,ATGACTACTGCAAACTGTGGCGCCCACGACGAGCTCGACTTCAAACTCGTCTTTGGCGAGGACGGGGCGCCGGCGCCGCCGCCCCCGGGCTCGCGGCCTGCAGATCTTGAGCCAGATGATTGTGCATCCATTTACATCTTTAATGTAGATCCACCTCCATCTACTTTAACCACACCACTTTGCTTACCACATCATGGATTACCGTCTCACTCTTCTGTTTTGTCACCATCGTTTCAGCTCCAAAGTCACAAAAACTATGAAGGAACTTGTGAGATTCCTGAATCTAAATATAGCCCATTAGGTGGTCCCAAACCCTTTGAGTGCCCAAGTATTCAAATTACATCTATCTCTCCTAACTGTCATCAAGAATTAGATGCACATGAAGATGACCTACAGATAAATGACCCAGAACGGGAATTTTTGGAAAGGCCTTCTAGAGATCATCTCTATCTTCCTCTTGAGCCATCCTACCGGGAGTCTTCTCTTAGTCCTAGTCCTGCCAGCAGCATCTCTTCTAGGAGTTGGTTCTCTGATGCATCTTCTTGTGAATCGCTTTCACATATTTATGATGATGTGGACTCAGAGTTGAATGAAGCTGCAGCCCGATTTACCCTTGGATCCCCTCTGACTTCTCCTGGTGGCTCTCCAGGGGGCTGCCCTGGAGAAGAAACTTGGCATCAACAGTATGGACTTGGACACTCATTATCACCCAGGCAATCTCCTTGCCACTCTCCTAGATCCAGTGTCACTGATGAGAATTGGCTGAGCCCCAGGCCAGCCTCAGGACCCTCATCAAGGCCCACATCCCCCTGTGGGAAACGGAGGCACTCCAGTGCTGAAGTTTGTTATGCTGGGTCCCTTTCACCCCATCACTCACCTGTTCCTTCACCTGGTCACTCCCCCAGGGGAAGTGTGACAGAAGATACGTGGCTCAATGCTTCTGTCCATGGTGGGTCAGGCCTTGGCCCTGCAGTTTTTCCATTTCAGTACTGTGTAGAGACTGACATCCCTCTCAAAACAAGGAAAACTTCTGAAGATCAAGCTGCCATACTACCAGGAAAATTAGAGCTGTGTTCAGATGACCAAGGGAGTTTATCACCAGCCCGGGAGACTTCAATAGATGATGGCCTTGGATCTCAGTATCCTTTAAAGAAAGATTCATGTGGTGATCAGTTTCTTTCAGTTCCTTCACCCTTTACCTGGAGCAAACCAAAGCCTGGCCACACCCCTATATTTCGCACATCTTCATTACCTCCACTAGACTGGCCTTTACCAGCTCATTTTGGACAATGTGAACTGAAAATAGAAGTGCAACCTAAAACTCATCATCGAGCCCATTATGAAACTGAAGGTAGCCGAGGGGCAGTAAAAGCATCTACTGGGGGACATCCTGTTGTGAAGCTCCTGGGCTATAACGAAAAGCCAATAAATCTACAAATGTTTATTGGGACAGCAGATGATCGATATTTACGACCTCATGCATTTTACCAGGTGCATCGAATCACTGGGAAGACAGTCGCTACTGCAAGCCAAGAGATAATAATTGCCAGTACAAAAGTTCTGGAAATTCCACTTCTTCCTGAAAATAATATGTCAGCCAGTATTGATTGTGCAGGTATTTTGAAACTCCGCAATTCAGATATAGAACTTCGAAAAGGAGAAACTGATATTGGCAGAAAGAATACTAGAGTACGACTTGTGTTTCGTGTACACATCCCACAGCCCAGTGGAAAAGTCCTTTCTCTGCAGATAGCCTCTATACCCGTTGAGTGCTCCCAGCGGTCTGCTCAAGAACTTCCTCATATTGAGAAGTACAGTATCAACAGTTGTTCTGTAAATGGAGGTCATGAAATGGTTGTGACTGGATCTAATTTTCTTCCAGAATCCAAAATCATTTTTCTTGAAAAAGGACAAGATGGACGACCTCAGTGGGAGGTAGAAGGGAAGATAATCAGGGAAAAATGTCAAGGGGCTCACATTGTCCTTGAAGTTCCTCCATATCATAACCCAGCAGTTACAGCTGCAGTGCAGGTGCACTTTTATCTTTGCAATGGCAAGAGGAAAAAAAGCCAGTCTCAACGTTTTACTTATACACCAGTTTTGATGAAGCAAGAACACAGAGAAGAGATTGATTTGTCTTCAGTTCCATCTTTGCCTGTGCCTCATCCTGCTCAGACCCAGAGGCCTTCCTCTGATTCAGGGTGTTCACATGACAGTGTACTGTCAGGACAGAGAAGTTTGATTTGCTCCATCCCACAAACATATGCATCCATGGTGACCTCATCCCATCTGCCACAGTTGCAGTGTAGAGATGAGAGTGTTAGTAAAGAACAGCATATGATTCCTTCTCCAATTGTACACCAGCCTTTTCAAGTCACACCAACACCTCCTGTGGGGTCTTCCTATCAGCCTATGCAAACTAATGTTGTGTACAATGGACCAACTTGTCTTCCTATTAATGCTGCCTCTAGTCAAGAATTTGATTCAGTTTTGTTTCAGCAGGATGCAACTCTTTCTGGTTTAGTGAATCTTGGCTGTCAACCACTGTCATCCATACCATTTCATTCTTCAAATTCAGGCTCAACAGGACATCTCTTAGCCCATACACCTCATTCTGTGCATACCCTGCCTCATCTGCAATCAATGGGATATCATTGTTCAAATACAGGACAAAGATCTCTTTCTTCTCCAGTGGCTGACCAGATTACAGGTCAGCCTTCGTCTCAGTTACAACCTATTACATATGGTCCTTCACATTCAGGGTCTGCTACAACAGCTTCCCCAGCAGCTTCTCATCCCTTGGCTAGTTCACCGCTTTCTGGGCCACCATCTCCTCAGCTTCAGCCTATGCCTTACCAATCTCCTAGCTCAGGAACTGCCTCATCACCGTCTCCAGCCACCAGAATGCATTCTGGACAGCACTCAACTCAAGCACAAAGTACGGGCCAGGGGGGTCTTTCTGCACCTTCATCCTTAATATGTCACAGTTTGTGTGATCCAGCGTCATTTCCACCTGATGGGGCAACTGTGAGCATTAAACCTGAACCAGAAGATCGAGAGCCTAACTTTGCAACCATTGGTCTGCAGGACATCACTTTAGATGATGACCAATTTATATCTGACTTGGAACACCAGCCATCAGGTTCAGCAGAGAAATGGCCTAACCACAGTGTGCTCTCATGTCCAGCTCCTTTCTGGAGAATCTAG
SOX10,SOX15,ATGGCGCTACCAGGCTCCTCACAGGACCAGGCCTGGAGCCTGGAGCCTCCGGCTGCCACGGCTGCTGCCTCCTCATCTTCGGGACCCCAGGAGCGGGAGGGCGCTGGGAGCCCCGCGGCCCCCGGGACGCTGCCCCTGGAGAAGGTGAAGCGGCCGATGAACGCGTTCATGGTGTGGAGCTCCGCTCAGCGCCGCCAGATGGCGCAGCAGAACCCCAAGATGCACAACTCCGAGATCTCCAAGCGCCTGGGCGCGCAGTGGAAGCTGCTGGACGAGGACGAGAAGCGGCCCTTCGTGGAGGAGGCCAAGCGGCTCCGCGCCCGACACCTGCGCGACTACCCCGACTACAAGTACCGGCCTCGGCGCAAGGCCAAGAGCTCGGGCGCCGGACCTTCCCGCTGCGGACAGGGAAGAGGCAACCTGGCCAGCGGCGGCCCGCTCTGGGGGCCGGGGTACGCGACCACCCAACCGAGCAGAGGCTTTGGGTACAGACCCCCCAGCTACTCGACAGCCTACCTGCCTGGCAGCTATGGCTCTTCCCACTGCAAACTGGAAGCCCCCTCACCGTGCTCCCTCCCTCAGAGTGACCCTAGGCTCCAGGGGGAACTGCTGCCCACCTATACCCACTACCTGCCCCCTGGCTCTCCCACTCCATACAACCCTCCCCTTGCTGGTGCCCCCATGCCCCTAACCCACCTCTTG
SOX10,SOX17,ATGAGCAGCCCGGATGCGGGATACGCCAGTGACGACCAGAGCCAGACCCAGAGCGCGCTGCCCGCGGTGATGGCCGGGCTGGGCCCCTGCCCCTGGGCCGAGTCGCTGAGCCCCATCGGGGACATGAAGGTGAAGGGCGAGGTGCCGGCGAACAGCGGAGCACCGGCCGGGGCCGCGGGCCGAGCCAAGGGCGAGTCCCGTATCCGGCGGCCGATGAACGCTTTCATGGTGTGGGCTAAGGACGAGCGCAAGCGGCTGGCGCAGCAGAATCCAGACCTGCACAACGCCGAGTTGAGCAAGATGCTGGGCAAGTCGTGGAAGGCGCTGACGCTGGCGGAGAAGCGGCCCTTCGTGGAGGAGGCAGAGCGGCTGCGCGTGCAGCACATGCAGGACCACCCCAACTACAAGTACCGGCCGCGGCGGCGCAAGCAGGTGAAGCGGCTGAAGCGGGTGGAGGGCGGCTTCCTGCACGGCCTGGCTGAGCCGCAGGCGGCCGCGCTGGGCCCCGAGGGCGGCCGCGTGGCCATGGACGGCCTGGGCCTCCAGTTCCCCGAGCAGGGCTTCCCCGCCGGCCCGCCGCTGCTGCCTCCGCACATGGGCGGCCACTACCGCGACTGCCAGAGTCTGGGCGCGCCTCCGCTCGACGGCTACCCGTTGCCCACGCCCGACACGTCCCCGCTGGACGGCGTGGACCCCGACCCGGCTTTCTTCGCCGCCCCGATGCCCGGGGACTGCCCGGCGGCCGGCACCTACAGCTACGCGCAGGTCTCGGACTACGCTGGCCCCCCGGAGCCTCCCGCCGGTCCCATGCACCCCCGACTCGGCCCAGAGCCCGCGGGTCCCTCGATTCCGGGCCTCCTGGCGCCACCCAGCGCCCTTCACGTGTACTACGGCGCGATGGGCTCGCCCGGGGCGGGCGGCGGGCGCGGCTTCCAGATGCAGCCGCAACACCAGCACCAGCACCAGCACCAGCACCACCCCCCGGGCCCCGGACAGCCGTCGCCCCCTCCGGAGGCACTGCCCTGCCGGGACGGCACGGACCCCAGTCAGCCCGCCGAGCTCCTCGGGGAGGTGGACCGCACGGAATTTGAACAGTATCTGCACTTCGTGTGCAAGCCTGAGATGGGCCTCCCCTACCAGGGGCATGACTCCGGTGTGAATCTCCCCGACAGCCACGGGGCCATTTCCTCGGTGGTGTCCGACGCCAGCTCCGCGGTATATTACTGCAACTATCCTGACGTG
SOX10,SOX7,ATGGCTTCGCTGCTGGGAGCCTACCCTTGGCCCGAGGGTCTCGAGTGCCCGGCCCTGGACGCCGAGCTGTCGGATGGACAATCGCCGCCGGCCGTCCCCCGGCCCCCGGGGGACAAGGGCTCCGAGAGCCGTATCCGGCGGCCCATGAACGCCTTCATGGTTTGGGCCAAGGACGAGAGGAAACGGCTGGCAGTGCAGAACCCGGACCTGCACAACGCCGAGCTCAGCAAGATGCTGGGAAAGTCGTGGAAGGCGCTGACGCTGTCCCAGAAGAGGCCGTACGTGGACGAGGCGGAGCGGCTGCGCCTGCAGCACATGCAGGACTACCCCAACTACAAGTACCGGCCGCGCAGGAAGAAGCAGGCCAAGCGGCTGTGCAAGCGCGTGGACCCGGGCTTCCTTCTGAGCTCCCTCTCCCGGGACCAGAACGCCCTGCCGGAGAAGAGAAGCGGCAGCCGGGGGGCGCTGGGGGAGAAGGAGGACAGGGGTGAGTACTCCCCCGGCACTGCCCTGCCCAGCCTCCGGGGCTGCTACCACGAGGGGCCGGCTGGTGGTGGCGGCGGCGGCACCCCGAGCAGTGTGGACACGTACCCGTACGGGCTGCCCACACCTCCTGAAATGTCTCCCCTGGACGTGCTGGAGCCGGAGCAGACCTTCTTCTCCTCCCCCTGCCAGGAGGAGCATGGCCATCCCCGCCGCATCCCCCACCTGCCAGGGCACCCGTACTCACCGGAGTACGCCCCAAGCCCTCTCCACTGTAGCCACCCCCTGGGCTCCCTGGCCCTTGGCCAGTCCCCCGGCGTCTCCATGATGTCCCCTGTACCCGGCTGTCCCCCATCTCCTGCCTATTACTCCCCGGCCACCTACCACCCACTCCACTCCAACCTCCAAGCCCACCTGGGCCAGCTTTCCCCGCCTCCTGAGCACCCTGGCTTCGACGCCCTGGATCAACTGAGCCAGGTGGAACTCCTGGGGGACATGGATCGCAATGAATTCGACCAGTATTTGAACACTCCTGGCCACCCAGACTCCGCCACAGGGGCCATGGCCCTCAGTGGGCATGTTCCGGTCTCCCAGGTGACACCAACGGGTCCCACAGAGACCAGCCTCATCTCCGTCCTGGCTGATGCCACGGCCACGTACTACAACAGCTACAGTGTGTCATAG
SOX10,SOX11,ATGGTGCAGCAGGCGGAGAGCTTGGAAGCGGAGAGCAACCTGCCCCGGGAGGCGCTGGACACGGAGGAGGGCGAATTCATGGCTTGCAGCCCGGTGGCCCTGGACGAGAGCGACCCAGACTGGTGCAAGACGGCGTCGGGCCACATCAAGCGGCCGATGAACGCGTTCATGGTATGGTCCAAGATCGAACGCAGGAAGATCATGGAGCAGTCTCCGGACATGCACAACGCCGAGATCTCCAAGAGGCTGGGCAAGCGCTGGAAAATGCTGAAGGACAGCGAGAAGATCCCGTTCATCCGGGAGGCGGAGCGGCTGCGGCTCAAGCACATGGCCGACTACCCCGACTACAAGTACCGGCCCCGGAAAAAGCCCAAAATGGACCCCTCGGCCAAGCCCAGCGCCAGCCAGAGCCCAGAGAAGAGCGCGGCCGGCGGCGGCGGCGGGAGCGCGGGCGGAGGCGCGGGCGGTGCCAAGACCTCCAAGGGCTCCAGCAAGAAATGCGGCAAGCTCAAGGCCCCCGCGGCCGCGGGCGCCAAGGCGGGCGCGGGCAAGGCGGCCCAGTCCGGGGACTACGGGGGCGCGGGCGACGACTACGTGCTGGGCAGCCTGCGCGTGAGCGGCTCGGGCGGCGGCGGCGCGGGCAAGACGGTCAAGTGCGTGTTTCTGGATGAGGACGACGACGACGACGACGACGACGACGAGCTGCAGCTGCAGATCAAACAGGAGCCGGACGAGGAGGACGAGGAACCACCGCACCAGCAGCTCCTGCAGCCGCCGGGGCAGCAGCCGTCGCAGCTGCTGAGACGCTACAACGTCGCCAAAGTGCCCGCCAGCCCTACGCTGAGCAGCTCGGCGGAGTCCCCCGAGGGAGCGAGCCTCTACGACGAGGTGCGGGCCGGCGCGACCTCGGGCGCCGGGGGCGGCAGCCGCCTCTACTACAGCTTCAAGAACATCACCAAGCAGCACCCGCCGCCGCTCGCGCAGCCCGCGCTGTCGCCCGCGTCCTCGCGCTCGGTGTCCACCTCCTCGTCCAGCAGCAGCGGCAGCAGCAGCGGCAGCAGCGGCGAGGACGCCGACGACCTGATGTTCGACCTGAGCTTGAATTTCTCTCAAAGCGCGCACAGCGCCAGCGAGCAGCAGCTGGGGGGCGGCGCGGCGGCCGGGAACCTGTCCCTGTCGCTGGTGGATAAGGATTTGGATTCGTTCAGCGAGGGCAGCCTGGGCTCCCACTTCGAGTTCCCCGACTACTGCACGCCGGAGCTGAGCGAGATGATCGCGGGGGACTGGCTGGAGGCGAACTTCTCCGACCTGGTGTTCACATAT
SOX10,SOX4,ATGGTGCAGCAAACCAACAATGCCGAAAACACGGAGGCACTGCTCGCAGGTGAAAGCTCCGATAGCGGTGCAGGCCTTGAGTTGGGGATCGCTTCTAGTCCCACCCCTGGAAGTACCGCCTCAACAGGCGGGAAGGCTGACGATCCATCCTGGTGCAAAACACCGTCTGGGCACATTAAGCGCCCCATGAACGCCTTCATGGTGTGGAGCCAGATAGAACGGAGAAAAATCATGGAGCAATCTCCTGACATGCATAATGCCGAGATCAGCAAGCGGCTGGGCAAGAGATGGAAACTGCTGAAGGACAGCGATAAAATCCCCTTCATCCGTGAAGCAGAGCGGCTGCGGCTGAAGCACATGGCTGATTACCCCGACTACAAATATCGACCTCGGAAGAAGGTTAAGTCTGGCAACGCCAATTCATCGAGCTCCGCCGCTGCATCTAGTAAGCCTGGAGAGAAAGGCGATAAGGTCGGCGGTTCCGGTGGTGGAGGTCATGGTGGCGGGGGTGGTGGTGGATCATCGAACGCCGGCGGTGGTGGAGGTGGTGCTAGTGGGGGAGGTGCAAATTCCAAACCAGCCCAGAAGAAAAGCTGTGGTTCCAAGGTGGCTGGTGGTGCAGGAGGTGGCGTCTCCAAACCACACGCTAAGCTGATCCTGGCAGGCGGCGGTGGTGGTGGAAAAGCAGCAGCTGCAGCAGCAGCTTCTTTCGCAGCAGAACAGGCAGGTGCAGCCGCCCTGCTACCTCTGGGTGCAGCAGCTGACCACCATAGCCTCTACAAGGCCAGAACTCCATCTGCAAGCGCCTCAGCAAGCTCCGCAGCAAGCGCCAGCGCCGCCCTGGCAGCGCCTGGGAAACACCTGGCTGAGAAGAAAGTGAAGCGGGTGTACCTGTTTGGTGGCCTTGGAACATCTAGTTCACCAGTTGGTGGAGTAGGTGCAGGAGCTGATCCAAGCGACCCTCTTGGCTTGTATGAGGAAGAGGGTGCAGGATGCTCCCCAGATGCACCATCTCTCAGTGGCCGGAGCAGCGCCGCTTCCTCTCCAGCAGCAGGAAGGAGCCCAGCTGACCATCGTGGTTATGCATCACTGCGAGCAGCTAGCCCAGCACCAAGTTCAGCTCCATCCCACGCATCGAGCTCCGCCTCTAGTCATTCATCGAGCTCCTCTAGTTCAGGAAGCTCCTCTAGTGACGATGAATTCGAGGACGATCTGCTCGATCTGAACCCCTCAAGCAATTTCGAATCAATGAGCCTGGGCTCCTTTTCCTCTAGTAGCGCCCTGGACAGAGATCTGGACTTCAACTTTGAACCTGGCTCCGGGTCTCACTTCGAGTTTCCCGATTACTGTACTCCTGAGGTGAGCGAGATGATTAGTGGCGACTGGCTCGAGAGCTCCATAAGCAACCTGGTGTTCACCTACCTGTTG
SOX10,SOX6,ATGAAAGGTCATGGTGAGCTTCAAGGACATGAAAGAAGAATGTCTTCCAAGCAAGCCACCTCTCCATTTGCCTGTGCAGCTGATGGAGAGGATGCAATGACCCAGGATTTAACCTCAAGGGAAAAGGAAGAGGGCAGTGATCAACATGTGGCCTCCCATCTGCCTCTGCACCCCATAATGCACAACAAACCTCACTCTGAGGAGCTACCAACACTTGTCAGTACCATTCAACAAGATGCTGACTGGGACAGCGTTCTGTCATCTCAGCAAAGAATGGAATCAGAGAATAATAAGTTATGTTCCCTATATTCCTTCCGAAATACCTCTACCTCACCACATAAGCCTGACGAAGGGAGTCGGGACCGTGAGATAATGACCAGTGTTACTTTTGGAACCCCAGAGCGCCGCAAAGGGAGTCTTGCCGATGTGGTGGACACACTGAAACAGAAGAAGCTTGAGGAAATGACTCGGACTGAACAAGAGGATTCCTCCTGCATGGAAAAACTACTTTCAAAAGATTGGAAGGAAAAAATGGAAAGACTAAATACCAGTGAACTTCTTGGAGAAATTAAAGGTACACCTGAGAGCCTGGCAGAAAAAGAACGGCAGCTCTCCACCATGATTACCCAGCTGATCAGTTTACGGGAGCAGCTACTGGCAGCGCATGATGAACAGAAAAAACTGGCAGCGTCACAAATTGAGAAACAACGGCAGCAAATGGACCTTGCTCGCCAACAGCAAGAACAGATTGCGAGACAACAGCAGCAACTTCTGCAACAGCAGCACAAAATTAATCTCCTGCAGCAACAGATCCAGGTTCAGGGTCACATGCCTCCGCTCATGATCCCAATTTTTCCACATGACCAGCGGACCCTGGCAGCAGCTGCTGCTGCCCAACAGGGATTCCTCTTCCCCCCTGGAATAACATACAAACCAGGTGATAACTACCCCGTACAGTTCATTCCATCAACAATGGCAGCTGCTGCTGCTTCTGGACTCAGCCCTTTACAGCTCCAGAAGGGTCATGTCTCCCACCCACAAATTAACCAAAGGCTAAAGGGCCTAAGTGACCGTTTTGGCAGGAATTTGGACACCTTTGAACATGGTGGTGGCCACTCTTACAACCACAAACAGATTGAGCAGCTCTATGCCGCTCAGCTGGCCAGCATGCAGGTGTCACCTGGAGCAAAGATGCCATCAACTCCACAGCCACCAAACACAGCAGGGACGGTCTCACCTACTGGGATAAAAAATGAAAAGAGAGGGACCAGCCCTGTAACTCAAGTTAAGGATGAAGCAGCAGCACAGCCTCTGAATCTCTCATCCCGACCCAAGACAGCAGAGCCTGTAAAGTCCCCAACGTCTCCCACCCAGAACCTCTTCCCAGCCAGCAAAACCAGCCCTGTCAATCTGCCAAACAAAAGCAGCATCCCTAGCCCCATTGGAGGAAGCCTGGGAAGAGGATCCTCTTTAGATATCCTATCTAGTCTCAACTCCCCTGCCCTTTTTGGGGATCAGGATACAGTGATGAAAGCCATTCAGGAGGCGCGGAAGATGCGAGAGCAGATCCAGCGGGAGCAACAGCAGCAACAGCCACATGGTGTTGACGGGAAACTGTCCTCCATAAATAATATGGGGCTGAACAGCTGCAGGAATGAAAAGGAAAGAACGCGCTTTGAGAATTTGGGGCCCCAGTTAACGGGAAAGTCAAATGAAGATGGAAAACTGGGCCCAGGTGTCATCGACCTTACTCGGCCAGAAGATGCAGAGGGAAGTAAAGCAATGAATGGCTCTGCAGCTAAACTACAGCAGTATTATTGTTGGCCAACAGGAGGTGCCACTGTGGCTGAAGCACGAGTCTACAGGGACGCCCGCGGCCGTGCCAGCAGCGAGCCACACATTAAGCGACCAATGAATGCATTCATGGTTTGGGCAAAGGATGAGAGGAGAAAAATCCTTCAGGCCTTCCCCGACATGCATAACTCCAACATTAGCAAAATCTTAGGATCTCGCTGGAAATCAATGTCCAACCAGGAGAAGCAACCTTATTATGAAGAGCAGGCCCGGCTAAGCAAGATCCACTTAGAGAAGTACCCAAACTATAAATACAAACCCCGACCGAAACGCACCTGCATTGTTGATGGCAAAAAGCTTCGGATTGGGGAGTATAAGCAACTGATGAGGTCTCGGAGACAGGAGATGAGGCAGTTCTTTACTGTGGGGCAACAGCCTCAGATTCCAATCACCACAGGAACAGGTGTTGTGTATCCTGGTGCTATCACTATGGCAACTACCACACCATCGCCTCAGATGACATCTGACTGCTCTAGCACCTCGGCCAGCCCGGAGCCCAGCCTCCCGGTCATCCAGAGCACTTATGGTATGAAGACAGATGGCGGAAGCCTAGCTGGAAATGAAATGATCAATGGAGAGGATGAAATGGAAATGTATGATGACTATGAAGATGACCCCAAATCAGACTATAGCAGTGAAAATGAAGCCCCGGAGGCTGTCAGTGCCAACTAG
SOX10,SOX30,ATGGAGAGAGCCAGACCCGAGCCGCCGCCTCAGCCGCGCCCGTTGCGTCCCGCTCCGCCCCCGCTGCCGGTCGAGGGCACCTCCTTTTGGGCAGCAGCCATGGAGCCCCCTCCGTCGTCTCCCACACTGAGCGCGGCAGCCAGTGCGACCTTGGCCTCGTCGTGCGGGGAGGCAGTGGCGTCCGGCTTACAGCCCGCGGTGCGGCGGCTGCTGCAGGTGAAGCCAGAGCAGGTGTTGCTGCTACCACAGCCTCAGGCCCAGAACGAGGAAGCCGCTGCCTCGTCCGCGCAGGCGCGGCTGTTGCAGTTCAGGCCCGACCTGCGGCTCCTGCAGCCGCCGACAGCGTCAGACGGCGCCACCTCCAGGCCCGAGTTGCACCCGGTGCAGCCCCTGGCGCTGCATGTCAAGGCCAAGAAGCAGAAGCTGGGGCCCAGCCTGGATCAGTCAGTGGGGCCTCGAGGGGCCGTCGAAACCGGTCCTAGAGCCTCCAGGGTGGTCAAGTTGGAAGGCCCCGGGCCGGCCCTCGGCTACTTCCGAGGGGACGAGAAGGGCAAGCTGGAGGCGGAGGAGGTCATGAGAGACTCGATGCAAGGCGGGGCAGGCAAAAGCCCGGCAGCCATCCGAGAAGGTGTGATCAAAACGGAGGAACCCGAGAGACTCCTCGAGGACTGCAGGCTCGGCGCGGAGCCCGCGTCCAATGGCCTGGTTCATGGCAGCGCGGAGGTCATCTTGGCCCCAACGTCCGGTGCCTTTGGGCCGCACCAGCAAGACCTTAGGATCCCTTTGACGCTCCACACGGTCCCCCCTGGGGCCCGGATCCAGTTTCAGGGAGCTCCGCCTTCAGAGCTGATAAGATTGACCAAGGTCCCCCTGACACCAGTGCCTACTAAAATGCAGTCCCTACTGGAGCCTTCTGTAAAAATTGAAACCAAAGATGTCCCGCTCACCGTGTTGCCCTCAGATGCAGGCATACCAGATACTCCCTTCAGTAAGGACAGAAATGGTCATGTGAAGCGACCCATGAACGCATTTATGGTTTGGGCAAGGATCCACCGACCAGCACTAGCCAAAGCTAACCCAGCAGCCAACAATGCAGAAATCAGTGTCCAGCTTGGGTTAGAGTGGAACAAACTTAGTGAAGAACAAAAGAAACCCTATTACGATGAAGCACAAAAGATTAAGGAAAAGCACAGAGAGGAATTTCCTGGTTGGGTTTATCAGCCTCGTCCAGGGAAGCGAAAACGATTCCCTCTAAGTGTTTCCAATGTATTTTCTGGTACCACACAGAATATCATCTCTACAAATCCTACAACAGTTTATCCTTACCGCTCACCTACGTACTCTGTGGTAATTCCCAGCCTACAGAATCCCATCACTCATCCAGTTGTACATGCCCTTACAGTCGGCCTCCCTTTGGCTATGGAAATTTTCCGAGTTCAATGCCAGAATGCCTTAGTTATTATGAAGACAGGTACCCAAAACATGAGGGTATCTTTTCAACTTTAG
SOX10,SOX9,ATGAATCTCCTGGACCCCTTCATGAAGATGACCGACGAGCAGGAGAAGGGCCTGTCCGGCGCCCCCAGCCCCACCATGTCCGAGGACTCCGCGGGCTCGCCCTGCCCGTCGGGCTCCGGCTCGGACACCGAGAACACGCGGCCCCAGGAGAACACGTTCCCCAAGGGCGAGCCCGATCTGAAGAAGGAGAGCGAGGAGGACAAGTTCCCCGTGTGCATCCGCGAGGCGGTCAGCCAGGTGCTCAAAGGCTACGACTGGACGCTGGTGCCCATGCCGGTGCGCGTCAACGGCTCCAGCAAGAACAAGCCGCACGTCAAGCGGCCCATGAACGCCTTCATGGTGTGGGCGCAGGCGGCGCGCAGGAAGCTCGCGGACCAGTACCCGCACTTGCACAACGCCGAGCTCAGCAAGACGCTGGGCAAGCTCTGGAGACTTCTGAACGAGAGCGAGAAGCGGCCCTTCGTGGAGGAGGCGGAGCGGCTGCGCGTGCAGCACAAGAAGGACCACCCGGATTACAAGTACCAGCCGCGGCGGAGGAAGTCGGTGAAGAACGGGCAGGCGGAGGCAGAGGAGGCCACGGAGCAGACGCACATCTCCCCCAACGCCATCTTCAAGGCGCTGCAGGCCGACTCGCCACACTCCTCCTCCGGCATGAGCGAGGTGCACTCCCCCGGCGAGCACTCGGGGCAATCCCAGGGCCCACCGACCCCACCCACCACCCCCAAAACCGACGTGCAGCCGGGCAAGGCTGACCTGAAGCGAGAGGGGCGCCCCTTGCCAGAGGGGGGCAGACAGCCCCCTATCGACTTCCGCGACGTGGACATCGGCGAGCTGAGCAGCGACGTCATCTCCAACATCGAGACCTTCGATGTCAACGAGTTTGACCAGTACCTGCCGCCCAACGGCCACCCGGGGGTGCCGGCCACGCACGGCCAGGTCACCTACACGGGCAGCTACGGCATCAGCAGCACCGCGGCCACCCCGGCGAGCGCGGGCCACGTGTGGATGTCCAAGCAGCAGGCGCCGCCGCCACCCCCGCAGCAGCCCCCACAGGCCCCGCCGGCCCCGCAGGCGCCCCCGCAGCCGCAGGCGGCGCCCCCACAGCAGCCGGCGGCACCCCCGCAGCAGCCACAGGCGCACACGCTGACCACGCTGAGCAGCGAGCCGGGCCAGTCCCAGCGAACGCACATCAAGACGGAGCAGCTGAGCCCCAGCCACTACAGCGAGCAGCAGCAGCACTCGCCCCAACAGATCGCCTACAGCCCCTTCAACCTCCCACACTACAGCCCCTCCTACCCGCCCATCACCCGCTCACAGTACGACTACACCGACCACCAGAACTCCAGCTCCTACTACAGCCACGCGGCAGGCCAGGGCACCGGCCTCTACTCCACCTTCACCTACATGAACCCCGCTCAGCGCCCCATGTACACCCCCATCGCCGACACCTCTGGGGTCCCTTCCATCCCGCAGACCCACAGCCCCCAGCACTGGGAACAACCCGTCTACACACAGCTCACTCGACCTTAG
SOX10,SOX13,ATGTCCATGAGGAGCCCCATCTCTGCCCAGCTGGCCCTGGATGGCGTTGGCACCATGGTGAACTGCACCATCAAGTCAGAGGAGAAGAAAGAGCCTTGCCACGAGGCCCCCCAGGGCTCAGCCACTGCCGCTGAACCTCAGCCTGGAGACCCAGCCCGGGCCTCCCAGGATAGTGCTGACCCCCAAGCTCCAGCCCAGGGGAATTTCAGGGGCTCCTGGGACTGTAGCTCTCCAGAGGGTAATGGGTCCCCAGAACCCAAGAGACCAGGAGTGTCGGAGGCTGCCTCTGGAAGCCAGGAGAAGCTGGACTTCAACCGAAATTTGAAAGAAGTGGTGCCAGCCATAGAGAAGCTGTTGTCCAGTGACTGGAAGGAGAGGTTTCTAGGAAGGAACTCTATGGAAGCCAAAGATGTCAAAGGGACCCAAGAGAGCCTAGCAGAGAAGGAGCTCCAGCTTCTGGTCATGATTCACCAGCTGTCCACCCTGCGGGACCAGCTCCTGACAGCCCACTCGGAGCAGAAGAACATGGCTGCCATGCTGTTTGAGAAGCAGCAGCAGCAGATGGAGCTTGCCCGGCAGCAGCAGGAGCAGATTGCAAAGCAGCAGCAGCAGCTGATTCAGCAGCAGCATAAGATCAACCTCCTTCAGCAGCAGATCCAGCAGGTTAACATGCCTTATGTCATGATCCCAGCCTTCCCCCCAAGCCACCAACCTCTGCCTGTCACCCCTGACTCCCAGCTGGCCTTACCCATTCAGCCCATTCCCTGCAAACCAGTGGAGTATCCGCTGCAGCTGCTGCACAGCCCCCCTGCCCCAGTGGTGAAGAGGCCTGGGGCCATGGCCACCCACCACCCCCTGCAGGAGCCCTCCCAGCCCCTGAACCTCACAGCCAAGCCCAAGGCCCCCGAGCTGCCCAACACCTCCAGCTCCCCAAGCCTGAAGATGAGCAGCTGTGTGCCCCGCCCCCCCAGCCATGGAGGCCCCACGCGGGACCTGCAGTCCAGCCCCCCGAGCCTGCCTCTGGGCTTCCTTGGTGAAGGGGACGCTGTCACCAAAGCCATCCAGGATGCTCGGCAGCTGCTGCACAGCCACAGTGGGGCCTTGGATGGCTCCCCCAACACCCCCTTCCGTAAGGACCTCATCAGCCTGGACTCATCCCCAGCCAAGGAGCGGCTGGAGGACGGCTGTGTGCACCCACTGGAGGAAGCCATGCTGAGCTGCGACATGGATGGCTCCCGCCACTTCCCCGAGTCCCGAAACAGCAGCCACATCAAGAGGCCCATGAACGCCTTCATGGTGTGGGCCAAGGATGAGCGGAGGAAGATCCTGCAAGCCTTCCCAGACATGCACAACTCCAGCATCAGCAAGATCCTTGGATCTCGCTGGAAGTCCATGACCAACCAGGAGAAGCAGCCCTACTATGAGGAACAGGCGCGGCTGAGCCGGCAGCACCTGGAGAAGTATCCTGACTACAAGTACAAGCCGCGGCCCAAGCGCACCTGCATCGTGGAGGGCAAGCGGCTGCGCGTGGGAGAGTACAAGGCCCTGATGAGGACCCGGCGTCAGGATGCCCGCCAGAGCTACGTGATCCCCCCGCAGGCTGGCCAGGTGCAGATGAGCTCCTCAGATGTCCTGTACCCTCGGGCAGCAGGCATGCCGCTGGCACAGCCACTGGTGGAGCACTATGTCCCTCGTAGCCTGGACCCCAACATGCCTGTGATCGTCAACACCTGCAGCCTCAGAGAGGAGGGTGAGGGCACAGATGACAGGCACTCGGTGGCTGATGGCGAGATGTACCGGTACAGCGAGGACGAGGACTCGGAGGGCGAAGAGAAGAGCGATGGGGAGTTGGTGGTGCTCACAGACTTG
SOX10,SOX5,ATGCTTACTGACCCTGATTTACCTCAGGAGTTTGAAAGGATGTCTTCCAAGCGACCAGCCTCTCCGTATGGGGAAGCAGATGGAGAGGTAGCCATGGTGACAAGCAGACAGAAAGTGGAAGAAGAGGAGAGTGACGGGCTCCCAGCCTTTCACCTTCCCTTGCATGTGAGTTTTCCCAACAAGCCTCACTCTGAGGAATTTCAGCCAGTTTCTCTGCTGACGCAAGAGACTTGTGGCCATAGGACTCCCACTTCTCAGCACAATACAATGGAAGTTGATGGCAATAAAGTTATGTCTTCATTTGCCCCACACAACTCATCTACCTCACCTCAGAAGGCAGAAGAAGGTGGGCGACAGAGTGGCGAGTCCTTGTCTAGTACAGCCCTGGGAACTCCTGAACGGCGCAAGGGCAGTTTAGCTGATGTTGTTGACACCTTGAAGCAGAGGAAAATGGAAGAGCTCATCAAAAACGAGCCGGAAGAAACCCCCAGTATTGAAAAACTACTCTCAAAGGACTGGAAAGACAAGCTTCTTGCAATGGGATCGGGGAACTTTGGCGAAATAAAAGGGACTCCCGAGAGCTTAGCTGAGAAAGAAAGGCAACTCATGGGTATGATCAACCAGCTGACCAGCCTCCGAGAGCAGCTGTTGGCTGCCCACGATGAGCAGAAGAAACTAGCTGCCTCTCAGATTGAGAAACAGCGTCAGCAAATGGAGCTGGCCAAGCAGCAACAAGAACAAATTGCAAGACAGCAGCAGCAGCTTCTACAGCAACAACACAAAATCAATTTGCTCCAGCAACAGATCCAGGTTCAAGGTCAGCTGCCGCCATTAATGATTCCCGTATTCCCTCCTGATCAACGGACACTGGCTGCAGCTGCCCAGCAAGGATTCCTCCTCCCTCCAGGCTTCAGCTATAAGGCTGGATGTAGTGACCCTTACCCTGTTCAGCTGATCCCAACTACCATGGCAGCTGCTGCCGCAGCAACACCAGGCTTAGGCCCACTCCAACTGCAGCAGTTATATGCTGCCCAGCTAGCTGCAATGCAGGTATCTCCAGGAGGGAAGCTGCCAGGCATACCCCAAGGCAACCTTGGTGCTGCTGTATCTCCTACCAGCATTCACACAGACAAGAGCACAAACAGCCCACCACCCAAAAGCAAGGATGAAGTGGCACAGCCACTGAACCTATCAGCTAAACCCAAGACCTCTGATGGCAAATCACCCACATCACCCACCTCTCCCCATATGCCAGCTCTGAGAATAAACAGTGGGGCAGGCCCCCTCAAAGCCTCTGTCCCAGCAGCGTTAGCTAGTCCTTCAGCCAGAGTTAGCACAATAGGTTACTTAAATGACCATGATGCTGTCACCAAGGCAATCCAAGAAGCTCGGCAAATGAAGGAGCAACTCCGACGGGAACAACAGGTGCTTGATGGGAAGGTGGCTGTTGTGAATAGTCTGGGTCTTAATAACTGCCGAACAGAAAAGGAAAAAACAACACTGGAGAGTCTGACTCAGCAACTGGCAGTTAAACAGAATGAAGAAGGAAAATTTAGCCATGCAATGATGGATTTCAATCTGAGTGGAGATTCTGATGGAAGTGCTGGAGTCTCAGAGTCAAGAATTTATAGGGAATCCCGAGGGCGTGGTAGCAATGAACCCCACATAAAGCGTCCAATGAATGCCTTCATGGTGTGGGCTAAAGATGAACGGAGAAAGATCCTTCAAGCCTTTCCTGACATGCACAACTCCAACATCAGCAAGATATTGGGATCTCGCTGGAAAGCTATGACAAACCTAGAGAAACAGCCATATTATGAGGAGCAAGCCCGTCTCAGCAAGCAGCACCTGGAGAAGTACCCTGACTATAAGTACAAGCCCAGGCCAAAGCGCACATGCCTGGTGGATGGCAAAAAGCTGCGCATTGGTGAATACAAGGCAATCATGCGCAACAGGCGGCAGGAAATGCGGCAGTACTTCAATGTTGGGCAACAAGCACAGATCCCCATTGCCACTGCTGGTGTTGTGTACCCTGGAGCCATCGCCATGGCTGGGATGCCCTCCCCTCACCTACCCTCGGAGCACTCAAGCGTGTCTAGCAGCCCAGAGCCTGGGATGCCTGTTATCCAGAGCACTTACGGTGTGAAAGGAGAGGAGCCACATATCAAAGAAGAGATACAGGCCGAGGACATCAATGGAGAAATTTATGATGAGTACGACGAGGAAGAGGATGATCCAGATGTAGATTATGGGAGTGACAGTGAAAACCATATTGCAGGACAAGCCAAC
TF2LY,TGIF2LX,ATGGAGGCCGCTGCGGACGGCCCGGCTGAGACCCAAAGCCCGGTGGAAAAAGACAGCCCGGCGAAGACCCAAAGCCCAGCCCAAGACACCTCAATCATGTCGAGAAATAACGCAGATACAGGCAGAGTTCTTGCCTTACCAGAGCACAAGAAGAAGCGCAAGGGAAACTTGCCAGCCGAGTCCGTTAAGATCCTCCGCGACTGGATGTATAAGCATCGGTTTAAGGCCTACCCTTCAGAAGAAGAGAAGCAAATGCTGTCAGAGAAGACCAATTTGTCTTTGTTGCAGATTTCTAACTGGTTTATCAATGCTCGCAGACGCATTCTCCCGGATATGCTTCAACAGCGTAGAAACGACCCCATCATTGGCCACAAAACGGGCAAAGATGCCCATGCCACCCACCTGCAGAGCACCGAGGCGTCTGTGCCGGCCAAGTCAGGGCCCAGTGGTCCAGACAATGTACAAAGCCTGCCCCTGTGGCCCTTGCCAAAGGGCCAGATGTCAAGAGAGAAGCAACCAGATCCGGAGTCGGCCCCTAGCCAGAAGCTCACCGGAATAGCCCAGCCGAAGAAAAAGGTCAAGGTTTCTGTCACATCCCCGTCTTCTCCAGAACTTGTGTCTCCAGAGGAGCACGCCGACTTCAGCAGCTTCCTGCTGCTAGTCGATGCAGCAGTACAAAGGGCTGCCGAGCTGGAGCTAGAGAAGAAGCAAGAGCCTAATCCATAG
TF2LY,TGIF2LY,ATGGAGGCCGCTGCAGACGGCCCGGCTGAGACCCAAAGCCCGGTGGAAAAAGACAGCCCGGCGAAGACCCAAAGCCCAGCCCAAGACACCTCAATCATGTCGAGAAATAACGCAGATACAGGCAGAGTTCTTGCCTTACCAGAGCACAAGAAGAAGCGCAAGGGAAACTTGCCAGCCGAGTCCGTTAAGATCCTCCGCGACTGGATGTATAAGCATCGGTTTAAGGCCTACCCTTCAGAAGAAGAGAAGCAAATGCTGTCAGAGAAGACCAATTTGTCTTTGTTGCGGATTTCTAACTGGTTTATCAATGCTCGCAGACGCATTCTCCCGGATATGCTTCAACAGCGTAGAAACGACCCCATCATTGGCCACAAAACGGGCAAAGATGCCCATGCCACCCACCTGCAGAGCACCGAGGCGTCTGTGCCGGCCAAGTCAGGGCCAGTGGTCCAGACAATGTACAAAGCCTGCCCCTGTGGCCCTTGCCAAAGGGCCAGATGTCAAGAGAGAAGCAACCAGATCCGGAGTCGGCCCCTAGCCAGAAGCTCACCGGAA
TF2LY,TGIF1,ATGAAAGGCAAGAAAGGTATTGTTGCAGCATCTGGCAGTGAGACTGAGGATGAGGACAGCATGGACATTCCCTTGGACCTTTCTTCATCCGCTGGCTCAGGCAAGAGAAGGAGAAGGGGCAACCTACCCAAGGAGTCTGTGCAGATTCTTCGGGATTGGCTGTATGAGCACCGTTACAATGCCTATCCTTCAGAGCAAGAAAAAGCGTTGCTGTCCCAGCAAACACACCTGTCTACGCTACAGGTCTGTAACTGGTTCATCAACGCCCGCCGCAGGCTCCTCCCTGACATGCTGAGAAAGGATGGCAAAGATCCAAATCAGTTCACAATTTCCCGCCGTGGGGCCAAGATTTCTGAAACGAGCTCTGTGGAGTCCGTGATGGGCATCAAAAACTTCATGCCAGCTCTAGAGGAGACCCCATTTCATTCCTGTACAGCTGGGCCAAACCCAACCCTAGGGAGGCCACTGTCTCCTAAGCCGTCATCCCCGGGATCAGTTTTGGCTCGTCCATCAGTGATCTGCCATACCACTGTGACTGCATTGAAAGATGTCCCTTTCTCTCTCTGCCAGTCGGTCGGTGTGGGACAAAACACAGATATACAGCAGATAGCGGCCAAAAACTTCACAGACACCTCTCTCATGTACCCAGAGGACACTTGTAAATCTGGACCAAGTACGAATACACAGAGTGGTCTTTTCAACACTCCTCCCCCTACTCCACCGGACCTCAACCAGGACTTCAGTGGATTTCAGCTTCTAGTGGATGTTGCACTCAAACGGGCTGCAGAGATGGAGCTTCAGGCAAAACTTACAGCTTAG
TF2LY,TGIF2,ATGTCGGACAGTGATCTAGGTGAGGACGAAGGCCTCCTCTCCCTGGCGGGCAAAAGGAAGCGCAGGGGGAACCTGCCCAAGGAGTCGGTGAAGATCCTCCGGGACTGGCTGTACTTGCACCGCTACAACGCCTACCCCTCAGAGCAGGAGAAGCTGAGCCTTTCTGGACAGACCAACCTGTCAGTGCTGCAAATATGTAACTGGTTCATCAATGCCCGGCGGCGGCTTCTCCCAGACATGCTTCGGAAGGATGGCAAAGACCCTAATCAGTTTACCATTTCCCGCCGCGGGGGTAAGGCCTCAGATGTGGCCCTCCCCCGTGGCAGCAGCCCCTCAGTGCTGGCTGTGTCTGTCCCAGCCCCCACCAATGTGCTCTCCCTGTCTGTGTGCTCCATGCCGCTTCACTCAGGCCAGGGGGAAAAGCCAGCAGCCCCTTTCCCACGTGGGGAGCTGGAGTCTCCCAAGCCCCTGGTGACCCCTGGTAGCACACTTACTCTGCTGACCAGGGCTGAGGCTGGAAGCCCCACAGGTGGACTCTTCAACACGCCACCACCCACACCCCCAGAGCAGGACAAAGAGGACTTCAGCAGCTTCCAGCTGCTGGTGGAGGTGGCGCTACAGAGGGCTGCTGAGATGGAGCTTCAGAAGCAGCAGGACCCATCACTCCCATTACTGCACACTCCCATCCCTTTAGTCTCTGAAAATCCCCAGTTG
PO3F2,POU2F3,ATGGTGAATCTGGAGTCCATGCACACAGATATCAAGATGAGTGGGGATGTAGCCGATTCCACGGATGCTCGCAGCACTCTCAGCCAGGTGGAGCCAGGAAATGATCGAAATGGCCTAGATTTCAACAGGCAGATTAAAACCGAAGATCTCAGTGACTCCCTGCAGCAGACCCTCTCCCATCGGCCATGCCACCTGAGTCAAGGACCTGCCATGATGTCCGGAAACCAAATGTCTGGGCTAAATGCCAGCCCATGTCAGGACATGGCTTCCCTCCATCCGCTCCAGCAGCTTGTGCTGGTTCCCGGCCACTTACAGTCTGTATCCCAGTTCCTGCTATCTCAGACCCAGCCTGGGCAGCAAGGTCTGCAGCCAAATCTCCTCCCCTTTCCACAGCAACAAAGCGGTCTCCTCCTCCCACAGACTGGGCCGGGACTGGCATCCCAGGCATTTGGGCACCCTGGGCTGCCAGGATCCTCTTTAGAACCCCACCTGGAAGCATCCCAGCATCTCCCAGTGCCCAAGCATCTACCCAGCTCTGGAGGGGCCGATGAGCCCAGTGACCTCGAGGAGCTGGAGAAGTTTGCCAAGACCTTCAAGCAGAGGCGCATTAAGCTGGGCTTCACACAGGGAGATGTGGGGCTGGCGATGGGAAAGCTGTATGGCAACGACTTCAGCCAGACCACCATCTCACGATTTGAGGCCCTCAACCTGAGCTTCAAGAACATGTGCAAGCTCAAGCCCCTGCTGGAGAAGTGGCTGAATGATGCAGAGTCCTCTCCGTCAGACCCCTCAGTGAGCACGCCCAGCTCCTACCCCAGCCTCAGTGAAGTATTTGGTAGGAAGAGAAAGAAACGGACCAGCATCGAGACCAACATCCGCCTGACTCTGGAGAAGAGGTTTCAAGATAACCCAAAACCCAGCTCGGAGGAGATCTCCATGATTGCAGAGCAGTTGTCCATGGAGAAGGAGGTGGTGAGGGTCTGGTTCTGCAACCGACGCCAAAAGGAGAAGCGAATCAACTGCCCTGTGGCCACACCCATCAAACCACCTGTCTACAACTCCCGGCTGGTATCTCCCTCAGGGTCTCTGGGCCCCCTCTCTGTCCCTCCTGTCCACAGTACCATGCCTGGAACAGTAACGTCATCCTGTTCCCCTGGGAACAACAGCAGGCCTTCATCTCCTGGCTCAGGACTCCACGCCAGCAGCCCCACTGCATCTCAAAATAACTCCAAAGCAGCAGTGAACTCCGCCTCCAGTTTTAACTCTTCAGGATCTTGGTACCGATGGAATCATTCCACCTACCTCCACTTG
PO3F2,POU3F4,ATGGCCACAGCTGCCTCGAATCCCTACAGCATTCTCAGTTCCACCTCCCTAGTCCATGCGGACTCTGCGGGCATGCAGCAGGGGAGTCCTTTCCGCAACCCTCAGAAACTTCTCCAAAGTGATTACTTGCAGGGAGTTCCCAGCAATGGGCATCCCCTCGGGCATCACTGGGTGACCAGTCTGAGCGACGGGGGCCCATGGTCCTCCACACTGGCCACCAGCCCCCTGGACCAGCAGGACGTGAAGCCCGGGCGCGAAGACCTGCAACTGGGTGCGATCATCCATCACCGCTCGCCACACGTAGCCCACCACTCACCGCACACTAACCACCCCAACGCCTGGGGGGCCAGCCCGGCACCGAACCCGTCTATCACGTCAAGCGGCCAACCCCTCAACGTGTACTCGCAGCCTGGCTTCACCGTGAGCGGCATGCTGGAACACGGGGGACTCACCCCACCTCCAGCTGCCGCCTCTGCACAGAGCCTGCACCCGGTGCTCCGAGAGCCCCCGGATCACGGCGAACTGGGCTCGCACCATTGCCAGGATCACTCCGACGAGGAGACGCCAACCTCTGATGAGTTGGAACAGTTCGCCAAACAATTCAAACAAAGAAGAATCAAGTTGGGCTTCACGCAGGCCGACGTGGGGTTGGCGCTGGGCACACTGTATGGTAACGTGTTCTCGCAGACCACCATCTGCAGGTTCGAAGGCTTGCAGCTGAGCTTCAAAAATATGTGCAAGCTGAAGCCCCTGCTGAACAAGTGGCTGGAGGAGGCGGATTCGTCCACAGGGAGCCCGACCAGCATTGACAAGATCGCTGCACAGGGCCGCAAGCGCAAGAAGCGGACCTCCATCGAGGTGAGTGTCAAGGGCGTACTGGAGACGCATTTCCTCAAGTGTCCCAAGCCTGCCGCGCAGGAGATCTCCTCGCTGGCAGACAGCCTCCAGTTGGAGAAGGAAGTGGTGCGTGTCTGGTTCTGTAATCGAAGACAAAAAGAGAAAAGAATGACTCCGCCAGGGGATCAGCAGCCGCATGAGGTTTATTCGCACACCGTGAAAACAGACACATCTTGCCATGATCTC
PO3F2,POU3F1,ATGGCCACCACCGCGCAGTACCTGCCGCGGGGCCCCGGTGGCGGAGCCGGGGGCACCGGGCCGCTTATGCACCCGGACGCCGCGGCGGCGGCGGCGGCGGCGGCGGCCGCGGAGCGATTGCATGCAGGGGCCGCGTACCGCGAAGTGCAGAAGCTGATGCACCACGAGTGGCTGGGCGCGGGCGCGGGCCACCCCGTGGGCCTAGCGCACCCCCAGTGGCTACCCACGGGAGGAGGCGGCGGCGGCGATTGGGCCGGCGGCCCGCACCTAGAACACGGCAAGGCAGGCGGCGGCGGCACCGGCCGAGCCGACGACGGCGGCGGCGGCGGAGGTTTCCACGCGCGCCTGGTGCACCAGGGGGCGGCCCACGCGGGCGCGGCATGGGCGCAGGGCAGCACAGCGCACCACTTGGGCCCGGCCATGTCGCCCTCGCCCGGGGCCAGCGGGGGCCACCAGCCCCAGCCGCTCGGGCTGTACGCGCAGGCGGCCTACCCGGGGGGCGGCGGCGGCGGCCTGGCCGGGATGCTGGCGGCGGGCGGTGGCGGCGCGGGGCCGGGCCTGCACCACGCGCTGCACGAGGATGGCCACGAGGCGCAGCTGGAGCCGTCGCCGCCGCCGCATCTGGGCGCCCACGGACACGCACACGGACATGCACACGCGGGCGGCCTGCACGCGGCGGCGGCGCACCTGCACCCGGGCGCGGGCGGCGGCGGCTCATCGGTGGGCGAGCACTCGGACGAGGATGCGCCCAGCTCGGACGACCTGGAGCAGTTCGCCAAGCAGTTCAAGCAGCGGCGCATCAAGCTGGGCTTTACGCAGGCCGACGTGGGGCTGGCGCTGGGCACGCTCTACGGTAACGTGTTCTCGCAGACCACCATCTGCCGCTTCGAGGCCCTGCAGCTGAGCTTCAAGAACATGTGCAAGCTCAAGCCGCTGCTCAACAAGTGGCTGGAGGAGACCGACTCGTCCAGCGGCAGCCCCACCAACCTGGACAAGATCGCGGCGCAGGGCCGCAAGCGCAAGAAGCGCACGTCCATCGAGGTGGGGGTCAAAGGCGCGCTCGAGAGCCACTTTCTCAAGTGCCCCAAGCCCTCGGCGCACGAGATCACCGGCTTGGCAGACAGCCTGCAGCTGGAGAAGGAGGTGGTGCGCGTCTGGTTCTGCAACCGGCGGCAGAAGGAGAAGCGCATGACCCCTGCGGCCGGCGCGGGCCACCCGCCCATGGACGATGTATACGCGCCTGGGGAGCTAGGGCCTGGCGGGGGCGGCGCATCGCCACCCTCCGCGCCCCCACCGCCCCCGCCGGCGGCGCTGCACCACCACCACCACCACACACTGCCCGGCTCAGTGCAG
GATA1,GATA3,ATGGAGGTGACGGCGGACCAGCCGCGCTGGGTGAGCCACCACCACCCCGCCGTGCTCAACGGGCAGCACCCGGACACGCACCACCCGGGCCTCAGCCACTCCTACATGGACGCGGCGCAGTACCCGCTGCCGGAGGAGGTGGATGTGCTTTTTAACATCGACGGTCAAGGCAACCACGTCCCGCCCTACTACGGAAACTCGGTCAGGGCCACGGTGCAGAGGTACCCTCCGACCCACCACGGGAGCCAGGTGTGCCGCCCGCCTCTGCTTCATGGATCCCTACCCTGGCTGGACGGCGGCAAAGCCCTGGGCAGCCACCACACCGCCTCCCCCTGGAATCTCAGCCCCTTCTCCAAGACGTCCATCCACCACGGCTCCCCGGGGCCCCTCTCCGTCTACCCCCCGGCCTCGTCCTCCTCCTTGTCGGGGGGCCACGCCAGCCCGCACCTCTTCACCTTCCCGCCCACCCCGCCGAAGGACGTCTCCCCGGACCCATCGCTGTCCACCCCAGGCTCGGCCGGCTCGGCCCGGCAGGACGAGAAAGAGTGCCTCAAGTACCAGGTGCCCCTGCCCGACAGCATGAAGCTGGAGTCGTCCCACTCCCGTGGCAGCATGACCGCCCTGGGTGGAGCCTCCTCGTCGACCCACCACCCCATCACCACCTACCCGCCCTACGTGCCCGAGTACAGCTCCGGACTCTTCCCCCCCAGCAGCCTGCTGGGCGGCTCCCCCACCGGCTTCGGATGCAAGTCCAGGCCCAAGGCCCGGTCCAGCACAGAAGGCAGGGAGTGTGTGAACTGTGGGGCAACCTCGACCCCACTGTGGCGGCGAGATGGCACGGGACACTACCTGTGCAACGCCTGCGGGCTCTATCACAAAATGAACGGACAGAACCGGCCCCTCATTAAGCCCAAGCGAAGGCTGTCTGCAGCCAGGAGAGCAGGGACGTCCTGTGCGAACTGTCAGACCACCACAACCACACTCTGGAGGAGGAATGCCAATGGGGACCCTGTCTGCAATGCCTGTGGGCTCTACTACAAGCTTCACAATATCAACAGACCCCTGACTATGAAGAAGGAAGGCATCCAGACCAGAAACCGAAAAATGTCTAGCAAATCCAAAAAGTGCAAAAAAGTGCATGACTCACTGGAGGACTTCCCCAAGAACAGCTCGTTTAACCCGGCCGCCCTCTCCAGACACATGTCCTCCCTGAGCCACATCTCGCCCTTCAGCCACTCCAGCCACATGCTGACCACGCCCACGCCGATGCACCCGCCATCCAGCCTGTCCTTTGGACCACACCACCCCTCCAGCATGGTCACCGCCATGGGTTTG
GATA1,GATA6,ATGGCCTTGACTGACGGCGGCTGGTGCTTACCGAAGCGATTCGGAGCCGCGGGTGCTGATGCCAGCGACTCCAGAGCCTTTCCAGCTCGGGAGCCCTCTACGCCGCCTTCTCCTATCTCTTCCTCGTCTTCCTCTTGCTCCAGGGGAGGAGAGAGGGGACCTGGCGGAGCCAGTAACTGTGGAACGCCTCAGCTAGATACGGAGGCTGCCGCCGGACCCCCGGCTCGATCGCTTCTGCTCAGTTCTTACGCTTCGCATCCCTTCGGAGCTCCTCACGGACCTTCGGCTCCTGGTGTCGCGGGTCCTGGGGGCAACCTGTCGAGCTGGGAGGACTTGCTGCTGTTCACTGACCTCGACCAAGCCGCGACAGCCAGCAAGCTGCTGTGGTCCAGTCGAGGCGCCAAGCTGAGCCCCTTCGCACCCGAACAGCCGGAGGAGATGTACCAGACCCTTGCCGCTCTTTCTAGCCAGGGTCCAGCCGCTTACGATGGCGCTCCTGGAGGATTTGTTCACTCTGCGGCTGCAGCGGCAGCAGCCGCGGCCGCAGCTAGCTCCCCTGTCTACGTTCCTACCACCCGCGTTGGTTCCATGCTGCCCGGACTACCTTACCATCTGCAGGGATCGGGCAGTGGACCAGCCAACCATGCTGGAGGCGCGGGAGCGCATCCCGGATGGCCTCAAGCTTCGGCAGACAGTCCTCCATATGGTAGTGGAGGCGGCGCAGCTGGAGGAGGAGCTGCTGGACCTGGTGGCGCTGGATCAGCTGCTGCGCATGTCTCTGCGCGATTCCCTTACTCTCCCAGCCCTCCCATGGCCAACGGAGCTGCGAGGGAGCCAGGAGGATACGCTGCGGCAGGAAGTGGGGGAGCGGGAGGAGTTAGTGGCGGAGGAAGTAGCTTAGCGGCTATGGGCGGACGCGAACCCCAGTACAGCTCTCTGTCAGCCGCCCGGCCGCTGAACGGGACGTACCACCACCATCACCATCATCATCACCACCATCCGAGCCCCTACTCGCCCTACGTGGGTGCGCCACTTACGCCTGCCTGGCCCGCTGGACCATTCGAAACCCCGGTGCTTCATAGCCTTCAGAGCCGTGCTGGAGCCCCGCTTCCGGTTCCCCGAGGTCCCAGTGCAGACCTTCTGGAGGACCTGTCCGAGAGCCGCGAGTGCGTGAATTGCGGCTCTATCCAGACGCCGCTGTGGCGACGGGACGGCACCGGACACTACCTGTGCAACGCTTGCGGGCTCTACAGCAAGATGAACGGCCTCAGCCGGCCCCTCATCAAGCCCCAGAAGCGCGTGCCTTCATCACGGCGCCTTGGATTGTCCTGTGCCAACTGTCACACCACAACTACCACCTTATGGCGCAGAAACGCCGAGGGTGAACCCGTGTGCAATGCTTGTGGACTGTACATGAAACTCCATGGGGTGCCCAGACCACTTGCTATGAAAAAAGAGGGAATTCAAACCAGGAAACGAAAACCTAAGAACATAAATAAATCAAAGACTTGCTCTGGTAATAGCAATAATTCCATTCCCATGACTCCAACTTCCACCTCTTCTAACTCAGATGATTGCAGCAAAAATACTTCCCCCACAACACAACCTACAGCCTCAGGGGCGGGTGCCCCGGTGATGACTGGTGCGGGAGAGAGCACCAATCCCGAGAACAGCGAGCTCAAGTATTCGGGTCAAGATGGACTCTACATAGGCGTCAGTCTCGCCTCGCCGGCCGAAGTCACGTCCTCCGTGCGACCGGATTCCTGGTGCGCCCTGGCCCTGGCC
GATA1,GATA4,ATGTATCAGAGCTTGGCCATGACCGCCAACCACGGGCCGCCCCCCGGTGCCTACGAGGCGGGCGGCCCCGGCGCCTTCATGCACGGCGCGGGCGCCGCGTCCTCGCCAGTCTACGTGCCCACACCGCGGGTGCCCTCCTCCGTGCTGGGCCTGTCCTACCTCCAGGGCGGAGGCGCGGGCTCTGCGTCCGGAGGCGCCTCGGGCGGCAGCTCCGGTGGGGCCGCGTCTGGTGCGGGGCCCGGGACCCAGCAGGGCAGCCCGGGATGGAGCCAGGCGGGAGCCGACGGAGCCGCTTACACCCCGCCGCCGGTGTCGCCGCGCTTCTCCTTCCCGGGGACCACCGGGTCCCTGGCGGCCGCCGCCGCCGCTGCCGCGGCCCGGGAAGCTGCGGCCTACAGCAGTGGCGGCGGAGCGGCGGGTGCGGGCCTGGCGGGCCGCGAGCAGTACGGGCGCGCCGGCTTCGCGGGCTCCTACTCCAGCCCCTACCCGGCTTACATGGCCGACGTGGGCGCGTCCTGGGCCGCAGCCGCCGCCGCCTCCGCCGGCCCCTTCGACAGCCCGGTCCTGCACAGCCTGCCCGGCCGGGCCAACCCGGCCGCCCGACACCCCAATCTCGATATGTTTGACGACTTCTCAGAAGGCAGAGAGTGTGTCAACTGTGGGGCTATGTCCACCCCGCTCTGGAGGCGAGATGGGACGGGTCACTATCTGTGCAACGCCTGCGGCCTCTACCACAAGATGAACGGCATCAACCGGCCGCTCATCAAGCCTCAGCGCCGGCTGTCCGCCTCCCGCCGAGTGGGCCTCTCCTGTGCCAACTGCCAGACCACCACCACCACGCTGTGGCGCCGCAATGCGGAGGGCGAGCCTGTGTGCAATGCCTGCGGCCTCTACATGAAGCTCCACGGGGTCCCCAGGCCTCTTGCAATGCGGAAAGAGGGGATCCAAACCAGAAAACGGAAGCCCAAGAACCTGAATAAATCTAAGACACCAGCAGCTCCTTCAGGCAGTGAGAGCCTTCCTCCCGCCAGCGGTGCTTCCAGCAACTCCAGCAACGCCACCACCAGCAGCAGCGAGGAGATGCGTCCCATCAAGACGGAGCCTGGCCTGTCATCTCACTACGGGCACAGCAGCTCCGTGTCCCAGACGTTCTCAGTCAGTGCGATGTCTGGCCATGGGCCCTCCATCCACCCTGTCCTCTCGGCCCTGAAGCTCTCCCCACAAGGCTATGCGTCTCCCGTCAGCCAGTCTCCACAGACCAGCTCCAAGCAGGACTCTTGGAACAGCCTGGTCTTGGCCGACAGTCACGGGGACATAATCACTGCG
GATA1,GATA2,ATGGAGGTGGCGCCGGAGCAGCCGCGCTGGATGGCGCACCCGGCCGTGCTGAATGCGCAGCACCCCGACTCACACCACCCGGGCCTGGCGCACAACTACATGGAACCCGCGCAGCTGCTGCCTCCAGACGAGGTGGACGTCTTCTTCAATCACCTCGACTCGCAGGGCAACCCCTACTATGCCAACCCCGCTCACGCGCGGGCGCGCGTCTCCTACAGCCCCGCGCACGCCCGCCTGACCGGAGGCCAGATGTGCCGCCCACACTTGTTGCACAGCCCGGGTTTGCCCTGGCTGGACGGGGGCAAAGCAGCCCTCTCTGCCGCTGCGGCCCACCACCACAACCCCTGGACCGTGAGCCCCTTCTCCAAGACGCCACTGCACCCCTCAGCTGCTGGAGGCCCTGGAGGCCCACTCTCTGTGTACCCAGGGGCTGGGGGTGGGAGCGGGGGAGGCAGCGGGAGCTCAGTGGCCTCCCTCACCCCTACAGCAGCCCACTCTGGCTCCCACCTTTTCGGCTTCCCACCCACGCCACCCAAAGAAGTGTCTCCTGACCCTAGCACCACGGGGGCTGCGTCTCCAGCCTCATCTTCCGCGGGGGGTAGTGCAGCCCGAGGAGAGGACAAGGACGGCGTCAAGTACCAGGTGTCACTGACGGAGAGCATGAAGATGGAAAGTGGCAGTCCCCTGCGCCCAGGCCTAGCTACTATGGGCACCCAGCCTGCTACACACCACCCCATCCCCACCTACCCCTCCTATGTGCCGGCGGCTGCCCACGACTACAGCAGCGGACTCTTCCACCCCGGAGGCTTCCTGGGGGGACCGGCCTCCAGCTTCACCCCTAAGCAGCGCAGCAAGGCTCGTTCCTGTTCAGAAGGCCGGGAGTGTGTCAACTGTGGGGCCACAGCCACCCCTCTCTGGCGGCGGGACGGCACCGGCCACTACCTGTGCAATGCCTGTGGCCTCTACCACAAGATGAATGGGCAGAACCGACCACTCATCAAGCCCAAGCGAAGACTGTCGGCCGCCAGAAGAGCCGGCACCTGTTGTGCAAATTGTCAGACGACAACCACCACCTTATGGCGCCGAAACGCCAACGGGGACCCTGTCTGCAACGCCTGTGGCCTCTACTACAAGCTGCACAATGTTAACAGGCCACTGACCATGAAGAAGGAAGGGATCCAGACTCGGAACCGGAAGATGTCCAACAAGTCCAAGAAGAGCAAGAAAGGGGCGGAGTGCTTCGAGGAGCTGTCAAAGTGCATGCAGGAGAAGTCATCCCCCTTCAGTGCAGCTGCCCTGGCTGGACACATGGCACCTGTGGGCCACCTCCCGCCCTTCAGCCACTCCGGACACATCCTGCCCACTCCGACGCCCATCCACCCCTCCTCCAGCCTCTCCTTCGGCCACCCCCACCCGTCCAGCATGGTGACCGCCATGGGCTAG
GATA1,GATA5,ATGTACCAGAGCCTGGCGCTGGCCGCGAGCCCCCGCCAGGCCGCCTACGCCGACTCGGGCTCCTTCCTGCACGCTCCGGGCGCCGGCTCTCCGATGTTTGTGCCGCCGGCGCGCGTCCCCTCGATGCTGTCCTACCTGTCCGGGTGTGAGCCGAGCCCGCAGCCCCCCGAGCTCGCTGCGCGCCCCGGCTGGGCGCAGACAGCCACCGCGGATTCGTCGGCCTTCGGCCCGGGCAGTCCGCACCCCCCAGCCGCGCACCCGCCCGGGGCCACCGCCTTCCCTTTCGCGCACAGCCCCTCGGGGCCCGGCAGCGGCGGCAGCGCGGGGGGCCGAGACGGCAGTGCCTACCAGGGCGCGCTGTTGCCTCGAGAACAGTTCGCGGCCCCGCTTGGGCGGCCGGTGGGGACCTCGTACTCCGCCACCTACCCGGCCTACGTGAGCCCCGACGTGGCCCAGTCCTGGACTGCCGGGCCCTTCGATGGCAGCGTCCTGCACGGCCTCCCAGGCCGCAGGCCCACCTTCGTGTCCGACTTCTTGGAGGAGTTCCCGGGTGAGGGTCGTGAGTGTGTCAACTGCGGGGCCCTGTCCACACCGCTGTGGCGCCGAGATGGCACCGGCCACTACCTGTGCAATGCCTGCGGCCTCTACCACAAGATGAATGGCGTCAACCGGCCGCTCGTTCGGCCTCAGAAGCGCCTGTCCTCGTCCCGCCGCGCCGGCCTCTGCTGCACCAACTGCCACACGACCAACACCACGCTGTGGCGGCGGAACTCGGAGGGGGAGCCCGTGTGCAATGCCTGCGGCCTCTACATGAAGCTGCACGGGGTGCCGCGGCCTCTGGCTATGAAGAAAGAAAGCATCCAGACACGGAAGCGGAAGCCAAAGACCATCGCCAAGGCCAGGGGCTCCTCAGGATCCACAAGGAATGCCTCGGCCTCCCCATCTGCTGTCGCCAGCACTGACAGCTCAGCAGCCACTTCCAAAGCCAAGCCCAGCCTGGCGTCCCCAGTGTGCCCTGGGCCCAGCATGGCCCCCCAGGCCTCTGGCCAGGAGGATGACTCTCTTGCCCCCGGCCACTTGGAGTTCAAGTTCGAGCCTGAGGACTTTGCCTTCCCCTCCACGGCCCCGAGCCCCCAGGCTGGCCTCAGGGGGGCTCTGCGCCAAGAGGCCTGGTGTGCGCTGGCCTTGGCC
